timestamp,is_peak,import_rate,export_rate,baseline_import_kwh,baseline_cost,solar_battery_import_kwh,solar_battery_export_kwh,solar_battery_net_kwh,solar_battery_import_cost,solar_battery_export_cost,solar_battery_net_cost
2025-01-01 00:00:00,False,0.138,0.06,0.791,0.1092,1.051,0.0,1.051,0.145,0.0,0.145
2025-01-01 01:00:00,False,0.138,0.06,1.145,0.158,1.337,0.0,1.337,0.1845,0.0,0.1845
2025-01-01 02:00:00,False,0.138,0.06,0.805,0.1111,0.985,0.0,0.985,0.1359,0.0,0.1359
2025-01-01 03:00:00,False,0.138,0.06,0.719,0.0992,0.971,0.0,0.971,0.134,0.0,0.134
2025-01-01 04:00:00,False,0.138,0.06,1.542,0.2128,1.726,0.0,1.726,0.2382,0.0,0.2382
2025-01-01 05:00:00,False,0.138,0.06,1.047,0.1445,1.255,0.0,1.255,0.1732,0.0,0.1732
2025-01-01 06:00:00,False,0.138,0.06,1.358,0.1874,1.578,0.0,1.578,0.2178,0.0,0.2178
2025-01-01 07:00:00,False,0.138,0.06,2.013,0.2778,2.237,0.0,2.237,0.3087,0.0,0.3087
2025-01-01 08:00:00,False,0.138,0.06,1.548,0.2136,1.686,0.0,1.686,0.2327,0.0,0.2327
2025-01-01 09:00:00,False,0.138,0.06,1.26,0.1739,1.08,0.0,1.08,0.149,0.0,0.149
2025-01-01 10:00:00,False,0.138,0.06,1.428,0.1971,0.161,0.04,0.121,0.0222,0.0024,0.0198
2025-01-01 11:00:00,False,0.138,0.06,1.31,0.1808,0.951,0.0,0.951,0.1312,0.0,0.1312
2025-01-01 12:00:00,False,0.138,0.06,1.051,0.145,0.709,0.026,0.683,0.0978,0.0016,0.0962
2025-01-01 13:00:00,False,0.138,0.06,1.215,0.1677,0.883,0.029,0.854,0.1219,0.0017,0.1202
2025-01-01 14:00:00,False,0.138,0.06,1.377,0.19,0.636,0.0,0.636,0.0878,0.0,0.0878
2025-01-01 15:00:00,False,0.138,0.06,0.441,0.0609,0.439,0.0,0.439,0.0606,0.0,0.0606
2025-01-01 16:00:00,True,0.32,0.24,1.913,0.6122,2.115,0.0,2.115,0.6768,0.0,0.6768
2025-01-01 17:00:00,True,0.32,0.24,0.589,0.1885,0.859,0.0,0.859,0.2749,0.0,0.2749
2025-01-01 18:00:00,True,0.32,0.24,2.077,0.6646,2.25,0.0,2.25,0.72,0.0,0.72
2025-01-01 19:00:00,True,0.32,0.24,1.658,0.5306,1.926,0.0,1.926,0.6163,0.0,0.6163
2025-01-01 20:00:00,False,0.138,0.06,1.141,0.1575,1.331,0.0,1.331,0.1837,0.0,0.1837
2025-01-01 21:00:00,False,0.138,0.06,1.884,0.26,2.104,0.0,2.104,0.2904,0.0,0.2904
2025-01-01 22:00:00,False,0.138,0.06,0.996,0.1374,1.262,0.0,1.262,0.1742,0.0,0.1742
2025-01-01 23:00:00,False,0.138,0.06,0.974,0.1344,1.186,0.0,1.186,0.1637,0.0,0.1637
2025-01-02 00:00:00,False,0.138,0.06,1.3,0.1794,1.506,0.0,1.506,0.2078,0.0,0.2078
2025-01-02 01:00:00,False,0.138,0.06,1.079,0.1489,1.329,0.0,1.329,0.1834,0.0,0.1834
2025-01-02 02:00:00,False,0.138,0.06,1.045,0.1442,1.207,0.0,1.207,0.1666,0.0,0.1666
2025-01-02 03:00:00,False,0.138,0.06,1.508,0.2081,1.79,0.0,1.79,0.247,0.0,0.247
2025-01-02 04:00:00,False,0.138,0.06,2.1,0.2898,2.32,0.0,2.32,0.3202,0.0,0.3202
2025-01-02 05:00:00,False,0.138,0.06,2.015,0.2781,2.237,0.0,2.237,0.3087,0.0,0.3087
2025-01-02 06:00:00,False,0.138,0.06,2.25,0.3105,2.47,0.0,2.47,0.3409,0.0,0.3409
2025-01-02 07:00:00,False,0.138,0.06,2.404,0.3318,2.486,0.0,2.486,0.3431,0.0,0.3431
2025-01-02 08:00:00,False,0.138,0.06,3.119,0.4304,2.903,0.0,2.903,0.4006,0.0,0.4006
2025-01-02 09:00:00,False,0.138,0.06,4.111,0.5673,2.843,0.003,2.84,0.3923,0.0002,0.3921
2025-01-02 10:00:00,False,0.138,0.06,4.132,0.5702,1.666,0.0,1.666,0.2299,0.0,0.2299
2025-01-02 11:00:00,False,0.138,0.06,1.262,0.1742,0.0,1.825,-1.825,0.0,0.1095,-0.1095
2025-01-02 12:00:00,False,0.138,0.06,1.469,0.2027,0.0,1.645,-1.645,0.0,0.0987,-0.0987
2025-01-02 13:00:00,False,0.138,0.06,1.712,0.2363,0.016,0.262,-0.246,0.0022,0.0157,-0.0135
2025-01-02 14:00:00,False,0.138,0.06,0.701,0.0967,0.387,0.026,0.361,0.0534,0.0016,0.0518
2025-01-02 15:00:00,False,0.138,0.06,1.78,0.2456,1.565,0.0,1.565,0.216,0.0,0.216
2025-01-02 16:00:00,True,0.32,0.24,1.725,0.552,0.023,0.021,0.002,0.0074,0.005,0.0024
2025-01-02 17:00:00,True,0.32,0.24,2.903,0.929,0.025,0.006,0.019,0.008,0.0014,0.0066
2025-01-02 18:00:00,True,0.32,0.24,1.596,0.5107,0.012,0.0,0.012,0.0038,0.0,0.0038
2025-01-02 19:00:00,True,0.32,0.24,2.044,0.6541,0.025,0.0,0.025,0.008,0.0,0.008
2025-01-02 20:00:00,False,0.138,0.06,2.622,0.3618,2.584,0.0,2.584,0.3566,0.0,0.3566
2025-01-02 21:00:00,False,0.138,0.06,1.406,0.194,1.408,0.0,1.408,0.1943,0.0,0.1943
2025-01-02 22:00:00,False,0.138,0.06,1.463,0.2019,1.499,0.0,1.499,0.2069,0.0,0.2069
2025-01-02 23:00:00,False,0.138,0.06,1.63,0.2249,1.642,0.0,1.642,0.2266,0.0,0.2266
2025-01-03 00:00:00,False,0.138,0.06,0.991,0.1368,1.003,0.0,1.003,0.1384,0.0,0.1384
2025-01-03 01:00:00,False,0.138,0.06,2.239,0.309,2.275,0.0,2.275,0.314,0.0,0.314
2025-01-03 02:00:00,False,0.138,0.06,2.241,0.3093,2.269,0.0,2.269,0.3131,0.0,0.3131
2025-01-03 03:00:00,False,0.138,0.06,1.936,0.2672,1.966,0.0,1.966,0.2713,0.0,0.2713
2025-01-03 04:00:00,False,0.138,0.06,1.993,0.275,2.029,0.0,2.029,0.28,0.0,0.28
2025-01-03 05:00:00,False,0.138,0.06,1.701,0.2347,1.725,0.0,1.725,0.2381,0.0,0.2381
2025-01-03 06:00:00,False,0.138,0.06,2.607,0.3598,2.631,0.0,2.631,0.3631,0.0,0.3631
2025-01-03 07:00:00,False,0.138,0.06,3.054,0.4215,3.12,0.0,3.12,0.4306,0.0,0.4306
2025-01-03 08:00:00,False,0.138,0.06,2.544,0.3511,3.244,0.0,3.244,0.4477,0.0,0.4477
2025-01-03 09:00:00,False,0.138,0.06,0.569,0.0785,2.001,0.0,2.001,0.2761,0.0,0.2761
2025-01-03 10:00:00,False,0.138,0.06,0.0,0.0,2.023,0.0,2.023,0.2792,0.0,0.2792
2025-01-03 11:00:00,False,0.138,0.06,0.0,0.0,1.467,0.0,1.467,0.2024,0.0,0.2024
2025-01-03 12:00:00,False,0.138,0.06,0.0,0.0,1.488,0.0,1.488,0.2053,0.0,0.2053
2025-01-03 13:00:00,False,0.138,0.06,0.743,0.1025,2.021,0.0,2.021,0.2789,0.0,0.2789
2025-01-03 14:00:00,False,0.138,0.06,0.568,0.0784,1.477,0.0,1.477,0.2038,0.0,0.2038
2025-01-03 15:00:00,False,0.138,0.06,1.967,0.2714,2.153,0.0,2.153,0.2971,0.0,0.2971
2025-01-03 16:00:00,True,0.32,0.24,2.245,0.7184,0.02,0.003,0.017,0.0064,0.0007,0.0057
2025-01-03 17:00:00,True,0.32,0.24,2.347,0.751,0.012,0.007,0.005,0.0038,0.0017,0.0021
2025-01-03 18:00:00,True,0.32,0.24,2.306,0.7379,0.017,0.0,0.017,0.0054,0.0,0.0054
2025-01-03 19:00:00,True,0.32,0.24,1.893,0.6058,0.045,0.0,0.045,0.0144,0.0,0.0144
2025-01-03 20:00:00,False,0.138,0.06,2.517,0.3473,2.539,0.0,2.539,0.3504,0.0,0.3504
2025-01-03 21:00:00,False,0.138,0.06,2.541,0.3507,2.543,0.0,2.543,0.3509,0.0,0.3509
2025-01-03 22:00:00,False,0.138,0.06,1.183,0.1633,1.183,0.0,1.183,0.1633,0.0,0.1633
2025-01-03 23:00:00,False,0.138,0.06,1.594,0.22,1.594,0.0,1.594,0.22,0.0,0.22
2025-01-04 00:00:00,False,0.138,0.06,2.213,0.3054,2.217,0.0,2.217,0.3059,0.0,0.3059
2025-01-04 01:00:00,False,0.138,0.06,2.361,0.3258,2.393,0.0,2.393,0.3302,0.0,0.3302
2025-01-04 02:00:00,False,0.138,0.06,2.384,0.329,2.406,0.0,2.406,0.332,0.0,0.332
2025-01-04 03:00:00,False,0.138,0.06,2.555,0.3526,2.585,0.0,2.585,0.3567,0.0,0.3567
2025-01-04 04:00:00,False,0.138,0.06,2.267,0.3128,2.295,0.0,2.295,0.3167,0.0,0.3167
2025-01-04 05:00:00,False,0.138,0.06,2.59,0.3574,2.622,0.0,2.622,0.3618,0.0,0.3618
2025-01-04 06:00:00,False,0.138,0.06,2.54,0.3505,2.564,0.0,2.564,0.3538,0.0,0.3538
2025-01-04 07:00:00,False,0.138,0.06,3.097,0.4274,3.164,0.0,3.164,0.4366,0.0,0.4366
2025-01-04 08:00:00,False,0.138,0.06,2.31,0.3188,2.783,0.0,2.783,0.3841,0.0,0.3841
2025-01-04 09:00:00,False,0.138,0.06,1.424,0.1965,3.084,0.0,3.084,0.4256,0.0,0.4256
2025-01-04 10:00:00,False,0.138,0.06,3.326,0.459,4.579,0.0,4.579,0.6319,0.0,0.6319
2025-01-04 11:00:00,False,0.138,0.06,0.0,0.0,1.247,0.0,1.247,0.1721,0.0,0.1721
2025-01-04 12:00:00,False,0.138,0.06,0.21,0.029,1.88,0.0,1.88,0.2594,0.0,0.2594
2025-01-04 13:00:00,False,0.138,0.06,0.381,0.0526,2.01,0.0,2.01,0.2774,0.0,0.2774
2025-01-04 14:00:00,False,0.138,0.06,4.006,0.5528,4.077,0.0,4.077,0.5626,0.0,0.5626
2025-01-04 15:00:00,False,0.138,0.06,2.827,0.3901,2.711,0.0,2.711,0.3741,0.0,0.3741
2025-01-04 16:00:00,True,0.32,0.24,2.735,0.8752,0.032,0.003,0.029,0.0102,0.0007,0.0095
2025-01-04 17:00:00,True,0.32,0.24,2.426,0.7763,0.017,0.0,0.017,0.0054,0.0,0.0054
2025-01-04 18:00:00,True,0.32,0.24,2.719,0.8701,0.029,0.001,0.028,0.0093,0.0002,0.0091
2025-01-04 19:00:00,True,0.32,0.24,3.16,1.0112,2.112,0.0,2.112,0.6758,0.0,0.6758
2025-01-04 20:00:00,False,0.138,0.06,3.201,0.4417,3.201,0.0,3.201,0.4417,0.0,0.4417
2025-01-04 21:00:00,False,0.138,0.06,2.481,0.3424,2.483,0.0,2.483,0.3427,0.0,0.3427
2025-01-04 22:00:00,False,0.138,0.06,1.237,0.1707,1.243,0.0,1.243,0.1715,0.0,0.1715
2025-01-04 23:00:00,False,0.138,0.06,1.563,0.2157,1.565,0.0,1.565,0.216,0.0,0.216
2025-01-05 00:00:00,False,0.138,0.06,2.335,0.3222,2.337,0.0,2.337,0.3225,0.0,0.3225
2025-01-05 01:00:00,False,0.138,0.06,2.222,0.3066,2.238,0.0,2.238,0.3088,0.0,0.3088
2025-01-05 02:00:00,False,0.138,0.06,2.61,0.3602,2.642,0.0,2.642,0.3646,0.0,0.3646
2025-01-05 03:00:00,False,0.138,0.06,2.142,0.2956,2.172,0.0,2.172,0.2997,0.0,0.2997
2025-01-05 04:00:00,False,0.138,0.06,2.514,0.3469,2.552,0.0,2.552,0.3522,0.0,0.3522
2025-01-05 05:00:00,False,0.138,0.06,2.606,0.3596,2.632,0.0,2.632,0.3632,0.0,0.3632
2025-01-05 06:00:00,False,0.138,0.06,2.514,0.3469,2.544,0.0,2.544,0.3511,0.0,0.3511
2025-01-05 07:00:00,False,0.138,0.06,3.08,0.425,3.127,0.0,3.127,0.4315,0.0,0.4315
2025-01-05 08:00:00,False,0.138,0.06,2.619,0.3614,3.25,0.0,3.25,0.4485,0.0,0.4485
2025-01-05 09:00:00,False,0.138,0.06,5.557,0.7669,7.239,0.0,7.239,0.999,0.0,0.999
2025-01-05 10:00:00,False,0.138,0.06,2.811,0.3879,4.342,0.0,4.342,0.5992,0.0,0.5992
2025-01-05 11:00:00,False,0.138,0.06,0.424,0.0585,2.296,0.0,2.296,0.3168,0.0,0.3168
2025-01-05 12:00:00,False,0.138,0.06,1.046,0.1443,2.202,0.0,2.202,0.3039,0.0,0.3039
2025-01-05 13:00:00,False,0.138,0.06,2.157,0.2977,3.034,0.0,3.034,0.4187,0.0,0.4187
2025-01-05 14:00:00,False,0.138,0.06,1.842,0.2542,2.441,0.0,2.441,0.3369,0.0,0.3369
2025-01-05 15:00:00,False,0.138,0.06,1.918,0.2647,2.27,0.0,2.27,0.3133,0.0,0.3133
2025-01-05 16:00:00,True,0.32,0.24,2.431,0.7779,0.019,0.0,0.019,0.0061,0.0,0.0061
2025-01-05 17:00:00,True,0.32,0.24,2.733,0.8746,0.022,0.0,0.022,0.007,0.0,0.007
2025-01-05 18:00:00,True,0.32,0.24,2.353,0.753,1.336,0.0,1.336,0.4275,0.0,0.4275
2025-01-05 19:00:00,True,0.32,0.24,2.955,0.9456,2.959,0.0,2.959,0.9469,0.0,0.9469
2025-01-05 20:00:00,False,0.138,0.06,2.68,0.3698,2.684,0.0,2.684,0.3704,0.0,0.3704
2025-01-05 21:00:00,False,0.138,0.06,3.104,0.4284,3.11,0.0,3.11,0.4292,0.0,0.4292
2025-01-05 22:00:00,False,0.138,0.06,1.963,0.2709,1.981,0.0,1.981,0.2734,0.0,0.2734
2025-01-05 23:00:00,False,0.138,0.06,2.038,0.2812,2.038,0.0,2.038,0.2812,0.0,0.2812
2025-01-06 00:00:00,False,0.138,0.06,2.831,0.3907,2.851,0.0,2.851,0.3934,0.0,0.3934
2025-01-06 01:00:00,False,0.138,0.06,2.643,0.3647,2.663,0.0,2.663,0.3675,0.0,0.3675
2025-01-06 02:00:00,False,0.138,0.06,3.024,0.4173,3.052,0.0,3.052,0.4212,0.0,0.4212
2025-01-06 03:00:00,False,0.138,0.06,2.941,0.4059,2.969,0.0,2.969,0.4097,0.0,0.4097
2025-01-06 04:00:00,False,0.138,0.06,2.667,0.368,2.695,0.0,2.695,0.3719,0.0,0.3719
2025-01-06 05:00:00,False,0.138,0.06,2.927,0.4039,2.957,0.0,2.957,0.4081,0.0,0.4081
2025-01-06 06:00:00,False,0.138,0.06,3.299,0.4553,3.317,0.0,3.317,0.4577,0.0,0.4577
2025-01-06 07:00:00,False,0.138,0.06,4.329,0.5974,4.373,0.0,4.373,0.6035,0.0,0.6035
2025-01-06 08:00:00,False,0.138,0.06,3.06,0.4223,3.564,0.0,3.564,0.4918,0.0,0.4918
2025-01-06 09:00:00,False,0.138,0.06,2.238,0.3088,3.12,0.0,3.12,0.4306,0.0,0.4306
2025-01-06 10:00:00,False,0.138,0.06,2.457,0.3391,3.65,0.0,3.65,0.5037,0.0,0.5037
2025-01-06 11:00:00,False,0.138,0.06,2.141,0.2955,3.3,0.0,3.3,0.4554,0.0,0.4554
2025-01-06 12:00:00,False,0.138,0.06,4.972,0.6861,5.803,0.0,5.803,0.8008,0.0,0.8008
2025-01-06 13:00:00,False,0.138,0.06,1.834,0.2531,2.831,0.0,2.831,0.3907,0.0,0.3907
2025-01-06 14:00:00,False,0.138,0.06,2.003,0.2764,2.884,0.0,2.884,0.398,0.0,0.398
2025-01-06 15:00:00,False,0.138,0.06,2.415,0.3333,2.859,0.0,2.859,0.3945,0.0,0.3945
2025-01-06 16:00:00,True,0.32,0.24,3.001,0.9603,0.023,0.0,0.023,0.0074,0.0,0.0074
2025-01-06 17:00:00,True,0.32,0.24,3.363,1.0762,1.726,0.0,1.726,0.5523,0.0,0.5523
2025-01-06 18:00:00,True,0.32,0.24,2.99,0.9568,2.994,0.0,2.994,0.9581,0.0,0.9581
2025-01-06 19:00:00,True,0.32,0.24,3.098,0.9914,3.1,0.0,3.1,0.992,0.0,0.992
2025-01-06 20:00:00,False,0.138,0.06,3.837,0.5295,3.845,0.0,3.845,0.5306,0.0,0.5306
2025-01-06 21:00:00,False,0.138,0.06,3.588,0.4951,3.596,0.0,3.596,0.4962,0.0,0.4962
2025-01-06 22:00:00,False,0.138,0.06,1.925,0.2657,1.929,0.0,1.929,0.2662,0.0,0.2662
2025-01-06 23:00:00,False,0.138,0.06,2.993,0.413,2.993,0.0,2.993,0.413,0.0,0.413
2025-01-07 00:00:00,False,0.138,0.06,3.047,0.4205,3.055,0.0,3.055,0.4216,0.0,0.4216
2025-01-07 01:00:00,False,0.138,0.06,3.074,0.4242,3.092,0.0,3.092,0.4267,0.0,0.4267
2025-01-07 02:00:00,False,0.138,0.06,2.974,0.4104,2.996,0.0,2.996,0.4134,0.0,0.4134
2025-01-07 03:00:00,False,0.138,0.06,3.448,0.4758,3.47,0.0,3.47,0.4789,0.0,0.4789
2025-01-07 04:00:00,False,0.138,0.06,3.027,0.4177,3.047,0.0,3.047,0.4205,0.0,0.4205
2025-01-07 05:00:00,False,0.138,0.06,3.637,0.5019,3.661,0.0,3.661,0.5052,0.0,0.5052
2025-01-07 06:00:00,False,0.138,0.06,3.679,0.5077,3.691,0.0,3.691,0.5094,0.0,0.5094
2025-01-07 07:00:00,False,0.138,0.06,4.207,0.5806,4.273,0.0,4.273,0.5897,0.0,0.5897
2025-01-07 08:00:00,False,0.138,0.06,3.858,0.5324,4.414,0.0,4.414,0.6091,0.0,0.6091
2025-01-07 09:00:00,False,0.138,0.06,2.142,0.2956,3.469,0.0,3.469,0.4787,0.0,0.4787
2025-01-07 10:00:00,False,0.138,0.06,1.724,0.2379,3.266,0.0,3.266,0.4507,0.0,0.4507
2025-01-07 11:00:00,False,0.138,0.06,1.113,0.1536,2.196,0.0,2.196,0.303,0.0,0.303
2025-01-07 12:00:00,False,0.138,0.06,2.566,0.3541,3.493,0.0,3.493,0.482,0.0,0.482
2025-01-07 13:00:00,False,0.138,0.06,3.356,0.4631,4.752,0.0,4.752,0.6558,0.0,0.6558
2025-01-07 14:00:00,False,0.138,0.06,2.136,0.2948,2.866,0.0,2.866,0.3955,0.0,0.3955
2025-01-07 15:00:00,False,0.138,0.06,2.658,0.3668,3.408,0.0,3.408,0.4703,0.0,0.4703
2025-01-07 16:00:00,True,0.32,0.24,2.559,0.8189,0.024,0.049,-0.025,0.0077,0.0118,-0.0041
2025-01-07 17:00:00,True,0.32,0.24,2.42,0.7744,0.011,0.003,0.008,0.0035,0.0007,0.0028
2025-01-07 18:00:00,True,0.32,0.24,2.449,0.7837,0.056,0.001,0.055,0.0179,0.0002,0.0177
2025-01-07 19:00:00,True,0.32,0.24,3.86,1.2352,3.825,0.0,3.825,1.224,0.0,1.224
2025-01-07 20:00:00,False,0.138,0.06,3.322,0.4584,3.324,0.0,3.324,0.4587,0.0,0.4587
2025-01-07 21:00:00,False,0.138,0.06,3.882,0.5357,3.884,0.0,3.884,0.536,0.0,0.536
2025-01-07 22:00:00,False,0.138,0.06,1.863,0.2571,1.863,0.0,1.863,0.2571,0.0,0.2571
2025-01-07 23:00:00,False,0.138,0.06,2.977,0.4108,2.977,0.0,2.977,0.4108,0.0,0.4108
2025-01-08 00:00:00,False,0.138,0.06,2.769,0.3821,2.781,0.0,2.781,0.3838,0.0,0.3838
2025-01-08 01:00:00,False,0.138,0.06,2.88,0.3974,2.896,0.0,2.896,0.3996,0.0,0.3996
2025-01-08 02:00:00,False,0.138,0.06,2.847,0.3929,2.863,0.0,2.863,0.3951,0.0,0.3951
2025-01-08 03:00:00,False,0.138,0.06,2.779,0.3835,2.807,0.0,2.807,0.3874,0.0,0.3874
2025-01-08 04:00:00,False,0.138,0.06,3.01,0.4154,3.032,0.0,3.032,0.4184,0.0,0.4184
2025-01-08 05:00:00,False,0.138,0.06,2.68,0.3698,2.702,0.0,2.702,0.3729,0.0,0.3729
2025-01-08 06:00:00,False,0.138,0.06,3.51,0.4844,3.522,0.0,3.522,0.486,0.0,0.486
2025-01-08 07:00:00,False,0.138,0.06,3.801,0.5245,3.856,0.0,3.856,0.5321,0.0,0.5321
2025-01-08 08:00:00,False,0.138,0.06,3.407,0.4702,3.784,0.0,3.784,0.5222,0.0,0.5222
2025-01-08 09:00:00,False,0.138,0.06,2.035,0.2808,3.445,0.0,3.445,0.4754,0.0,0.4754
2025-01-08 10:00:00,False,0.138,0.06,3.217,0.4439,4.8,0.0,4.8,0.6624,0.0,0.6624
2025-01-08 11:00:00,False,0.138,0.06,0.998,0.1377,1.822,0.0,1.822,0.2514,0.0,0.2514
2025-01-08 12:00:00,False,0.138,0.06,0.832,0.1148,1.593,0.0,1.593,0.2198,0.0,0.2198
2025-01-08 13:00:00,False,0.138,0.06,1.021,0.1409,2.405,0.0,2.405,0.3319,0.0,0.3319
2025-01-08 14:00:00,False,0.138,0.06,2.102,0.2901,2.806,0.0,2.806,0.3872,0.0,0.3872
2025-01-08 15:00:00,False,0.138,0.06,2.147,0.2963,3.36,0.0,3.36,0.4637,0.0,0.4637
2025-01-08 16:00:00,True,0.32,0.24,3.067,0.9814,0.577,0.009,0.568,0.1846,0.0022,0.1824
2025-01-08 17:00:00,True,0.32,0.24,3.166,1.0131,0.022,0.001,0.021,0.007,0.0002,0.0068
2025-01-08 18:00:00,True,0.32,0.24,3.178,1.017,0.023,0.001,0.022,0.0074,0.0002,0.0072
2025-01-08 19:00:00,True,0.32,0.24,3.588,1.1482,2.4,0.0,2.4,0.768,0.0,0.768
2025-01-08 20:00:00,False,0.138,0.06,3.439,0.4746,3.441,0.0,3.441,0.4749,0.0,0.4749
2025-01-08 21:00:00,False,0.138,0.06,4.348,0.6,4.352,0.0,4.352,0.6006,0.0,0.6006
2025-01-08 22:00:00,False,0.138,0.06,1.96,0.2705,2.19,0.0,2.19,0.3022,0.0,0.3022
2025-01-08 23:00:00,False,0.138,0.06,2.938,0.4054,3.072,0.0,3.072,0.4239,0.0,0.4239
2025-01-09 00:00:00,False,0.138,0.06,2.791,0.3852,3.083,0.0,3.083,0.4255,0.0,0.4255
2025-01-09 01:00:00,False,0.138,0.06,2.977,0.4108,3.125,0.0,3.125,0.4312,0.0,0.4312
2025-01-09 02:00:00,False,0.138,0.06,2.039,0.2814,4.333,0.0,4.333,0.598,0.0,0.598
2025-01-09 03:00:00,False,0.138,0.06,0.471,0.065,4.917,0.0,4.917,0.6785,0.0,0.6785
2025-01-09 04:00:00,False,0.138,0.06,0.797,0.11,5.265,0.0,5.265,0.7266,0.0,0.7266
2025-01-09 05:00:00,False,0.138,0.06,0.995,0.1373,5.453,0.0,5.453,0.7525,0.0,0.7525
2025-01-09 06:00:00,False,0.138,0.06,1.213,0.1674,5.459,0.0,5.459,0.7533,0.0,0.7533
2025-01-09 07:00:00,False,0.138,0.06,2.301,0.3175,5.702,0.0,5.702,0.7869,0.0,0.7869
2025-01-09 08:00:00,False,0.138,0.06,2.966,0.4093,4.485,0.0,4.485,0.6189,0.0,0.6189
2025-01-09 09:00:00,False,0.138,0.06,3.221,0.4445,2.534,0.0,2.534,0.3497,0.0,0.3497
2025-01-09 10:00:00,False,0.138,0.06,3.052,0.4212,0.862,0.0,0.862,0.119,0.0,0.119
2025-01-09 11:00:00,False,0.138,0.06,3.311,0.4569,1.52,0.0,1.52,0.2098,0.0,0.2098
2025-01-09 12:00:00,False,0.138,0.06,4.125,0.5692,1.661,0.0,1.661,0.2292,0.0,0.2292
2025-01-09 13:00:00,False,0.138,0.06,3.426,0.4728,1.498,0.0,1.498,0.2067,0.0,0.2067
2025-01-09 14:00:00,False,0.138,0.06,3.315,0.4575,2.667,0.0,2.667,0.368,0.0,0.368
2025-01-09 15:00:00,False,0.138,0.06,2.942,0.406,2.775,0.0,2.775,0.383,0.0,0.383
2025-01-09 16:00:00,True,0.32,0.24,2.891,0.9251,0.287,0.0,0.287,0.0918,0.0,0.0918
2025-01-09 17:00:00,True,0.32,0.24,3.097,0.991,0.016,0.0,0.016,0.0051,0.0,0.0051
2025-01-09 18:00:00,True,0.32,0.24,3.28,1.0496,0.02,0.0,0.02,0.0064,0.0,0.0064
2025-01-09 19:00:00,True,0.32,0.24,3.12,0.9984,1.742,0.0,1.742,0.5574,0.0,0.5574
2025-01-09 20:00:00,False,0.138,0.06,3.244,0.4477,3.246,0.0,3.246,0.4479,0.0,0.4479
2025-01-09 21:00:00,False,0.138,0.06,3.311,0.4569,3.311,0.0,3.311,0.4569,0.0,0.4569
2025-01-09 22:00:00,False,0.138,0.06,2.741,0.3783,2.975,0.0,2.975,0.4106,0.0,0.4106
2025-01-09 23:00:00,False,0.138,0.06,3.306,0.4562,3.486,0.0,3.486,0.4811,0.0,0.4811
2025-01-10 00:00:00,False,0.138,0.06,2.667,0.368,2.879,0.0,2.879,0.3973,0.0,0.3973
2025-01-10 01:00:00,False,0.138,0.06,2.575,0.3554,2.843,0.0,2.843,0.3923,0.0,0.3923
2025-01-10 02:00:00,False,0.138,0.06,2.677,0.3694,3.013,0.0,3.013,0.4158,0.0,0.4158
2025-01-10 03:00:00,False,0.138,0.06,2.549,0.3518,2.693,0.0,2.693,0.3716,0.0,0.3716
2025-01-10 04:00:00,False,0.138,0.06,2.508,0.3461,2.716,0.0,2.716,0.3748,0.0,0.3748
2025-01-10 05:00:00,False,0.138,0.06,2.731,0.3769,2.891,0.0,2.891,0.399,0.0,0.399
2025-01-10 06:00:00,False,0.138,0.06,2.894,0.3994,3.154,0.0,3.154,0.4353,0.0,0.4353
2025-01-10 07:00:00,False,0.138,0.06,3.588,0.4951,3.787,0.0,3.787,0.5226,0.0,0.5226
2025-01-10 08:00:00,False,0.138,0.06,3.147,0.4343,3.552,0.0,3.552,0.4902,0.0,0.4902
2025-01-10 09:00:00,False,0.138,0.06,1.462,0.2018,2.842,0.0,2.842,0.3922,0.0,0.3922
2025-01-10 10:00:00,False,0.138,0.06,2.289,0.3159,3.976,0.0,3.976,0.5487,0.0,0.5487
2025-01-10 11:00:00,False,0.138,0.06,0.844,0.1165,3.148,0.0,3.148,0.4344,0.0,0.4344
2025-01-10 12:00:00,False,0.138,0.06,1.854,0.2559,5.051,0.0,5.051,0.697,0.0,0.697
2025-01-10 13:00:00,False,0.138,0.06,0.0,0.0,1.726,0.0,1.726,0.2382,0.0,0.2382
2025-01-10 14:00:00,False,0.138,0.06,1.607,0.2218,1.428,0.0,1.428,0.1971,0.0,0.1971
2025-01-10 15:00:00,False,0.138,0.06,1.445,0.1994,1.382,0.0,1.382,0.1907,0.0,0.1907
2025-01-10 16:00:00,True,0.32,0.24,1.58,0.5056,0.013,0.006,0.007,0.0042,0.0014,0.0028
2025-01-10 17:00:00,True,0.32,0.24,1.945,0.6224,0.019,0.002,0.017,0.0061,0.0005,0.0056
2025-01-10 18:00:00,True,0.32,0.24,2.274,0.7277,0.025,0.0,0.025,0.008,0.0,0.008
2025-01-10 19:00:00,True,0.32,0.24,2.315,0.7408,0.031,0.0,0.031,0.0099,0.0,0.0099
2025-01-10 20:00:00,False,0.138,0.06,3.161,0.4362,3.169,0.0,3.169,0.4373,0.0,0.4373
2025-01-10 21:00:00,False,0.138,0.06,2.796,0.3858,2.804,0.0,2.804,0.387,0.0,0.387
2025-01-10 22:00:00,False,0.138,0.06,1.726,0.2382,1.73,0.0,1.73,0.2387,0.0,0.2387
2025-01-10 23:00:00,False,0.138,0.06,1.722,0.2376,1.726,0.0,1.726,0.2382,0.0,0.2382
2025-01-11 00:00:00,False,0.138,0.06,2.232,0.308,2.24,0.0,2.24,0.3091,0.0,0.3091
2025-01-11 01:00:00,False,0.138,0.06,2.44,0.3367,2.456,0.0,2.456,0.3389,0.0,0.3389
2025-01-11 02:00:00,False,0.138,0.06,2.55,0.3519,2.562,0.0,2.562,0.3536,0.0,0.3536
2025-01-11 03:00:00,False,0.138,0.06,2.377,0.328,2.401,0.0,2.401,0.3313,0.0,0.3313
2025-01-11 04:00:00,False,0.138,0.06,2.5,0.345,2.524,0.0,2.524,0.3483,0.0,0.3483
2025-01-11 05:00:00,False,0.138,0.06,1.533,0.2116,1.561,0.0,1.561,0.2154,0.0,0.2154
2025-01-11 06:00:00,False,0.138,0.06,2.177,0.3004,2.201,0.0,2.201,0.3037,0.0,0.3037
2025-01-11 07:00:00,False,0.138,0.06,3.676,0.5073,3.688,0.0,3.688,0.5089,0.0,0.5089
2025-01-11 08:00:00,False,0.138,0.06,1.234,0.1703,1.245,0.0,1.245,0.1718,0.0,0.1718
2025-01-11 09:00:00,False,0.138,0.06,0.739,0.102,0.76,0.0,0.76,0.1049,0.0,0.1049
2025-01-11 10:00:00,False,0.138,0.06,0.405,0.0559,0.436,0.0,0.436,0.0602,0.0,0.0602
2025-01-11 11:00:00,False,0.138,0.06,0.456,0.0629,0.451,0.0,0.451,0.0622,0.0,0.0622
2025-01-11 12:00:00,False,0.138,0.06,0.429,0.0592,0.431,0.0,0.431,0.0595,0.0,0.0595
2025-01-11 13:00:00,False,0.138,0.06,0.357,0.0493,0.434,0.0,0.434,0.0599,0.0,0.0599
2025-01-11 14:00:00,False,0.138,0.06,0.363,0.0501,0.471,0.0,0.471,0.065,0.0,0.065
2025-01-11 15:00:00,False,0.138,0.06,0.0,0.0,3.718,0.0,3.718,0.5131,0.0,0.5131
2025-01-11 16:00:00,True,0.32,0.24,0.516,0.1651,0.017,0.017,0.0,0.0054,0.0041,0.0013
2025-01-11 17:00:00,True,0.32,0.24,1.666,0.5331,0.025,0.005,0.02,0.008,0.0012,0.0068
2025-01-11 18:00:00,True,0.32,0.24,2.527,0.8086,1.044,0.0,1.044,0.3341,0.0,0.3341
2025-01-11 19:00:00,True,0.32,0.24,1.747,0.559,1.751,0.0,1.751,0.5603,0.0,0.5603
2025-01-11 20:00:00,False,0.138,0.06,0.537,0.0741,0.545,0.0,0.545,0.0752,0.0,0.0752
2025-01-11 21:00:00,False,0.138,0.06,1.112,0.1535,1.284,0.0,1.284,0.1772,0.0,0.1772
2025-01-11 22:00:00,False,0.138,0.06,3.064,0.4228,3.15,0.0,3.15,0.4347,0.0,0.4347
2025-01-11 23:00:00,False,0.138,0.06,2.188,0.3019,2.26,0.0,2.26,0.3119,0.0,0.3119
2025-01-12 00:00:00,False,0.138,0.06,1.097,0.1514,1.315,0.0,1.315,0.1815,0.0,0.1815
2025-01-12 01:00:00,False,0.138,0.06,1.698,0.2343,1.908,0.0,1.908,0.2633,0.0,0.2633
2025-01-12 02:00:00,False,0.138,0.06,2.334,0.3221,2.614,0.0,2.614,0.3607,0.0,0.3607
2025-01-12 03:00:00,False,0.138,0.06,2.337,0.3225,2.553,0.0,2.553,0.3523,0.0,0.3523
2025-01-12 04:00:00,False,0.138,0.06,2.236,0.3086,2.44,0.0,2.44,0.3367,0.0,0.3367
2025-01-12 05:00:00,False,0.138,0.06,2.218,0.3061,2.314,0.0,2.314,0.3193,0.0,0.3193
2025-01-12 06:00:00,False,0.138,0.06,2.74,0.3781,2.884,0.0,2.884,0.398,0.0,0.398
2025-01-12 07:00:00,False,0.138,0.06,2.265,0.3126,2.535,0.0,2.535,0.3498,0.0,0.3498
2025-01-12 08:00:00,False,0.138,0.06,2.193,0.3026,2.344,0.0,2.344,0.3235,0.0,0.3235
2025-01-12 09:00:00,False,0.138,0.06,2.17,0.2995,2.353,0.0,2.353,0.3247,0.0,0.3247
2025-01-12 10:00:00,False,0.138,0.06,1.913,0.264,2.154,0.0,2.154,0.2973,0.0,0.2973
2025-01-12 11:00:00,False,0.138,0.06,1.837,0.2535,2.801,0.0,2.801,0.3865,0.0,0.3865
2025-01-12 12:00:00,False,0.138,0.06,1.29,0.178,3.056,0.0,3.056,0.4217,0.0,0.4217
2025-01-12 13:00:00,False,0.138,0.06,0.46,0.0635,2.264,0.0,2.264,0.3124,0.0,0.3124
2025-01-12 14:00:00,False,0.138,0.06,1.532,0.2114,2.139,0.0,2.139,0.2952,0.0,0.2952
2025-01-12 15:00:00,False,0.138,0.06,0.0,0.0,5.026,0.0,5.026,0.6936,0.0,0.6936
2025-01-12 16:00:00,True,0.32,0.24,2.301,0.7363,0.017,0.007,0.01,0.0054,0.0017,0.0037
2025-01-12 17:00:00,True,0.32,0.24,2.699,0.8637,0.023,0.003,0.02,0.0074,0.0007,0.0067
2025-01-12 18:00:00,True,0.32,0.24,2.206,0.7059,0.682,0.0,0.682,0.2182,0.0,0.2182
2025-01-12 19:00:00,True,0.32,0.24,2.632,0.8422,2.638,0.0,2.638,0.8442,0.0,0.8442
2025-01-12 20:00:00,False,0.138,0.06,2.629,0.3628,2.631,0.0,2.631,0.3631,0.0,0.3631
2025-01-12 21:00:00,False,0.138,0.06,2.623,0.362,2.733,0.0,2.733,0.3772,0.0,0.3772
2025-01-12 22:00:00,False,0.138,0.06,2.618,0.3613,2.712,0.0,2.712,0.3743,0.0,0.3743
2025-01-12 23:00:00,False,0.138,0.06,2.152,0.297,2.376,0.0,2.376,0.3279,0.0,0.3279
2025-01-13 00:00:00,False,0.138,0.06,2.319,0.32,2.419,0.0,2.419,0.3338,0.0,0.3338
2025-01-13 01:00:00,False,0.138,0.06,2.541,0.3507,2.709,0.0,2.709,0.3738,0.0,0.3738
2025-01-13 02:00:00,False,0.138,0.06,2.023,0.2792,2.225,0.0,2.225,0.3071,0.0,0.3071
2025-01-13 03:00:00,False,0.138,0.06,2.335,0.3222,2.601,0.0,2.601,0.3589,0.0,0.3589
2025-01-13 04:00:00,False,0.138,0.06,2.198,0.3033,2.474,0.0,2.474,0.3414,0.0,0.3414
2025-01-13 05:00:00,False,0.138,0.06,2.261,0.312,2.469,0.0,2.469,0.3407,0.0,0.3407
2025-01-13 06:00:00,False,0.138,0.06,2.549,0.3518,2.757,0.0,2.757,0.3805,0.0,0.3805
2025-01-13 07:00:00,False,0.138,0.06,2.387,0.3294,2.577,0.0,2.577,0.3556,0.0,0.3556
2025-01-13 08:00:00,False,0.138,0.06,2.09,0.2884,2.304,0.0,2.304,0.318,0.0,0.318
2025-01-13 09:00:00,False,0.138,0.06,1.837,0.2535,2.491,0.0,2.491,0.3438,0.0,0.3438
2025-01-13 10:00:00,False,0.138,0.06,1.108,0.1529,2.075,0.0,2.075,0.2864,0.0,0.2864
2025-01-13 11:00:00,False,0.138,0.06,1.226,0.1692,2.059,0.0,2.059,0.2841,0.0,0.2841
2025-01-13 12:00:00,False,0.138,0.06,1.18,0.1628,2.324,0.0,2.324,0.3207,0.0,0.3207
2025-01-13 13:00:00,False,0.138,0.06,1.417,0.1955,2.572,0.0,2.572,0.3549,0.0,0.3549
2025-01-13 14:00:00,False,0.138,0.06,2.571,0.3548,3.345,0.0,3.345,0.4616,0.0,0.4616
2025-01-13 15:00:00,False,0.138,0.06,2.342,0.3232,8.775,0.0,8.775,1.211,0.0,1.211
2025-01-13 16:00:00,True,0.32,0.24,2.436,0.7795,0.008,0.001,0.007,0.0026,0.0002,0.0024
2025-01-13 17:00:00,True,0.32,0.24,2.897,0.927,0.016,0.0,0.016,0.0051,0.0,0.0051
2025-01-13 18:00:00,True,0.32,0.24,1.913,0.6122,0.252,0.001,0.251,0.0806,0.0002,0.0804
2025-01-13 19:00:00,True,0.32,0.24,2.11,0.6752,2.77,0.0,2.77,0.8864,0.0,0.8864
2025-01-13 20:00:00,False,0.138,0.06,4.903,0.6766,5.085,0.0,5.085,0.7017,0.0,0.7017
2025-01-13 21:00:00,False,0.138,0.06,2.558,0.353,2.873,0.0,2.873,0.3965,0.0,0.3965
2025-01-13 22:00:00,False,0.138,0.06,1.868,0.2578,2.04,0.0,2.04,0.2815,0.0,0.2815
2025-01-13 23:00:00,False,0.138,0.06,1.491,0.2058,1.657,0.0,1.657,0.2287,0.0,0.2287
2025-01-14 00:00:00,False,0.138,0.06,1.563,0.2157,1.777,0.0,1.777,0.2452,0.0,0.2452
2025-01-14 01:00:00,False,0.138,0.06,2.445,0.3374,2.649,0.0,2.649,0.3656,0.0,0.3656
2025-01-14 02:00:00,False,0.138,0.06,2.312,0.3191,2.41,0.0,2.41,0.3326,0.0,0.3326
2025-01-14 03:00:00,False,0.138,0.06,2.376,0.3279,2.474,0.0,2.474,0.3414,0.0,0.3414
2025-01-14 04:00:00,False,0.138,0.06,2.574,0.3552,2.77,0.0,2.77,0.3823,0.0,0.3823
2025-01-14 05:00:00,False,0.138,0.06,2.375,0.3278,2.515,0.0,2.515,0.3471,0.0,0.3471
2025-01-14 06:00:00,False,0.138,0.06,2.716,0.3748,2.976,0.0,2.976,0.4107,0.0,0.4107
2025-01-14 07:00:00,False,0.138,0.06,3.064,0.4228,3.298,0.0,3.298,0.4551,0.0,0.4551
2025-01-14 08:00:00,False,0.138,0.06,2.733,0.3772,3.108,0.0,3.108,0.4289,0.0,0.4289
2025-01-14 09:00:00,False,0.138,0.06,1.63,0.2249,2.768,0.0,2.768,0.382,0.0,0.382
2025-01-14 10:00:00,False,0.138,0.06,0.243,0.0335,2.575,0.0,2.575,0.3554,0.0,0.3554
2025-01-14 11:00:00,False,0.138,0.06,0.0,0.0,1.763,0.0,1.763,0.2433,0.0,0.2433
2025-01-14 12:00:00,False,0.138,0.06,0.0,0.0,2.304,0.0,2.304,0.318,0.0,0.318
2025-01-14 13:00:00,False,0.138,0.06,0.0,0.0,1.775,0.0,1.775,0.245,0.0,0.245
2025-01-14 14:00:00,False,0.138,0.06,2.268,0.313,1.813,0.0,1.813,0.2502,0.0,0.2502
2025-01-14 15:00:00,False,0.138,0.06,2.702,0.3729,2.399,0.0,2.399,0.3311,0.0,0.3311
2025-01-14 16:00:00,True,0.32,0.24,2.581,0.8259,0.013,0.052,-0.039,0.0042,0.0125,-0.0083
2025-01-14 17:00:00,True,0.32,0.24,2.743,0.8778,0.011,0.002,0.009,0.0035,0.0005,0.003
2025-01-14 18:00:00,True,0.32,0.24,2.445,0.7824,0.029,0.0,0.029,0.0093,0.0,0.0093
2025-01-14 19:00:00,True,0.32,0.24,3.052,0.9766,0.84,0.0,0.84,0.2688,0.0,0.2688
2025-01-14 20:00:00,False,0.138,0.06,2.503,0.3454,2.503,0.0,2.503,0.3454,0.0,0.3454
2025-01-14 21:00:00,False,0.138,0.06,3.068,0.4234,3.076,0.0,3.076,0.4245,0.0,0.4245
2025-01-14 22:00:00,False,0.138,0.06,1.567,0.2162,1.683,0.0,1.683,0.2323,0.0,0.2323
2025-01-14 23:00:00,False,0.138,0.06,1.493,0.206,1.687,0.0,1.687,0.2328,0.0,0.2328
2025-01-15 00:00:00,False,0.138,0.06,2.708,0.3737,2.812,0.0,2.812,0.3881,0.0,0.3881
2025-01-15 01:00:00,False,0.138,0.06,2.549,0.3518,2.769,0.0,2.769,0.3821,0.0,0.3821
2025-01-15 02:00:00,False,0.138,0.06,2.627,0.3625,2.811,0.0,2.811,0.3879,0.0,0.3879
2025-01-15 03:00:00,False,0.138,0.06,2.589,0.3573,2.861,0.0,2.861,0.3948,0.0,0.3948
2025-01-15 04:00:00,False,0.138,0.06,2.775,0.383,2.987,0.0,2.987,0.4122,0.0,0.4122
2025-01-15 05:00:00,False,0.138,0.06,2.602,0.3591,2.768,0.0,2.768,0.382,0.0,0.382
2025-01-15 06:00:00,False,0.138,0.06,3.066,0.4231,3.386,0.0,3.386,0.4673,0.0,0.4673
2025-01-15 07:00:00,False,0.138,0.06,3.534,0.4877,3.807,0.0,3.807,0.5254,0.0,0.5254
2025-01-15 08:00:00,False,0.138,0.06,3.932,0.5426,4.333,0.0,4.333,0.598,0.0,0.598
2025-01-15 09:00:00,False,0.138,0.06,4.77,0.6583,6.073,0.0,6.073,0.8381,0.0,0.8381
2025-01-15 10:00:00,False,0.138,0.06,1.395,0.1925,3.187,0.0,3.187,0.4398,0.0,0.4398
2025-01-15 11:00:00,False,0.138,0.06,0.491,0.0678,1.597,0.0,1.597,0.2204,0.0,0.2204
2025-01-15 12:00:00,False,0.138,0.06,0.0,0.0,1.087,0.0,1.087,0.15,0.0,0.15
2025-01-15 13:00:00,False,0.138,0.06,0.59,0.0814,2.795,0.0,2.795,0.3857,0.0,0.3857
2025-01-15 14:00:00,False,0.138,0.06,0.415,0.0573,2.014,0.0,2.014,0.2779,0.0,0.2779
2025-01-15 15:00:00,False,0.138,0.06,2.519,0.3476,2.586,0.0,2.586,0.3569,0.0,0.3569
2025-01-15 16:00:00,True,0.32,0.24,2.923,0.9354,0.009,0.028,-0.019,0.0029,0.0067,-0.0038
2025-01-15 17:00:00,True,0.32,0.24,2.392,0.7654,0.014,0.0,0.014,0.0045,0.0,0.0045
2025-01-15 18:00:00,True,0.32,0.24,3.139,1.0045,0.03,0.0,0.03,0.0096,0.0,0.0096
2025-01-15 19:00:00,True,0.32,0.24,3.03,0.9696,1.483,0.0,1.483,0.4746,0.0,0.4746
2025-01-15 20:00:00,False,0.138,0.06,2.711,0.3741,2.717,0.0,2.717,0.3749,0.0,0.3749
2025-01-15 21:00:00,False,0.138,0.06,3.467,0.4784,3.469,0.0,3.469,0.4787,0.0,0.4787
2025-01-15 22:00:00,False,0.138,0.06,1.695,0.2339,1.911,0.0,1.911,0.2637,0.0,0.2637
2025-01-15 23:00:00,False,0.138,0.06,2.0,0.276,2.242,0.0,2.242,0.3094,0.0,0.3094
2025-01-16 00:00:00,False,0.138,0.06,3.216,0.4438,3.47,0.0,3.47,0.4789,0.0,0.4789
2025-01-16 01:00:00,False,0.138,0.06,2.954,0.4077,3.144,0.0,3.144,0.4339,0.0,0.4339
2025-01-16 02:00:00,False,0.138,0.06,2.825,0.3899,2.963,0.0,2.963,0.4089,0.0,0.4089
2025-01-16 03:00:00,False,0.138,0.06,2.829,0.3904,2.983,0.0,2.983,0.4117,0.0,0.4117
2025-01-16 04:00:00,False,0.138,0.06,2.8,0.3864,2.968,0.0,2.968,0.4096,0.0,0.4096
2025-01-16 05:00:00,False,0.138,0.06,3.04,0.4195,3.172,0.0,3.172,0.4377,0.0,0.4377
2025-01-16 06:00:00,False,0.138,0.06,3.84,0.5299,4.044,0.0,4.044,0.5581,0.0,0.5581
2025-01-16 07:00:00,False,0.138,0.06,4.134,0.5705,4.375,0.0,4.375,0.6038,0.0,0.6038
2025-01-16 08:00:00,False,0.138,0.06,3.325,0.4588,3.992,0.0,3.992,0.5509,0.0,0.5509
2025-01-16 09:00:00,False,0.138,0.06,1.487,0.2052,2.974,0.0,2.974,0.4104,0.0,0.4104
2025-01-16 10:00:00,False,0.138,0.06,0.701,0.0967,2.855,0.0,2.855,0.394,0.0,0.394
2025-01-16 11:00:00,False,0.138,0.06,1.274,0.1758,3.116,0.0,3.116,0.43,0.0,0.43
2025-01-16 12:00:00,False,0.138,0.06,0.371,0.0512,1.616,0.0,1.616,0.223,0.0,0.223
2025-01-16 13:00:00,False,0.138,0.06,1.335,0.1842,3.123,0.0,3.123,0.431,0.0,0.431
2025-01-16 14:00:00,False,0.138,0.06,2.082,0.2873,4.143,0.0,4.143,0.5717,0.0,0.5717
2025-01-16 15:00:00,False,0.138,0.06,1.769,0.2441,2.649,0.0,2.649,0.3656,0.0,0.3656
2025-01-16 16:00:00,True,0.32,0.24,2.689,0.8605,0.01,0.071,-0.061,0.0032,0.017,-0.0138
2025-01-16 17:00:00,True,0.32,0.24,3.056,0.9779,0.024,0.001,0.023,0.0077,0.0002,0.0075
2025-01-16 18:00:00,True,0.32,0.24,2.628,0.841,0.025,0.0,0.025,0.008,0.0,0.008
2025-01-16 19:00:00,True,0.32,0.24,2.833,0.9066,1.534,0.0,1.534,0.4909,0.0,0.4909
2025-01-16 20:00:00,False,0.138,0.06,2.426,0.3348,2.716,0.0,2.716,0.3748,0.0,0.3748
2025-01-16 21:00:00,False,0.138,0.06,2.393,0.3302,2.663,0.0,2.663,0.3675,0.0,0.3675
2025-01-16 22:00:00,False,0.138,0.06,1.592,0.2197,1.862,0.0,1.862,0.257,0.0,0.257
2025-01-16 23:00:00,False,0.138,0.06,1.984,0.2738,2.28,0.0,2.28,0.3146,0.0,0.3146
2025-01-17 00:00:00,False,0.138,0.06,2.509,0.3462,2.685,0.0,2.685,0.3705,0.0,0.3705
2025-01-17 01:00:00,False,0.138,0.06,2.637,0.3639,2.729,0.0,2.729,0.3766,0.0,0.3766
2025-01-17 02:00:00,False,0.138,0.06,2.556,0.3527,2.896,0.0,2.896,0.3996,0.0,0.3996
2025-01-17 03:00:00,False,0.138,0.06,2.608,0.3599,2.876,0.0,2.876,0.3969,0.0,0.3969
2025-01-17 04:00:00,False,0.138,0.06,2.835,0.3912,3.103,0.0,3.103,0.4282,0.0,0.4282
2025-01-17 05:00:00,False,0.138,0.06,2.651,0.3658,2.821,0.0,2.821,0.3893,0.0,0.3893
2025-01-17 06:00:00,False,0.138,0.06,3.17,0.4375,3.34,0.0,3.34,0.4609,0.0,0.4609
2025-01-17 07:00:00,False,0.138,0.06,3.478,0.48,3.569,0.0,3.569,0.4925,0.0,0.4925
2025-01-17 08:00:00,False,0.138,0.06,3.388,0.4675,3.773,0.0,3.773,0.5207,0.0,0.5207
2025-01-17 09:00:00,False,0.138,0.06,3.696,0.51,4.942,0.0,4.942,0.682,0.0,0.682
2025-01-17 10:00:00,False,0.138,0.06,2.139,0.2952,3.854,0.0,3.854,0.5319,0.0,0.5319
2025-01-17 11:00:00,False,0.138,0.06,0.32,0.0442,1.509,0.0,1.509,0.2082,0.0,0.2082
2025-01-17 12:00:00,False,0.138,0.06,0.0,0.0,1.694,0.0,1.694,0.2338,0.0,0.2338
2025-01-17 13:00:00,False,0.138,0.06,0.0,0.0,2.223,0.0,2.223,0.3068,0.0,0.3068
2025-01-17 14:00:00,False,0.138,0.06,1.902,0.2625,2.524,0.0,2.524,0.3483,0.0,0.3483
2025-01-17 15:00:00,False,0.138,0.06,2.542,0.3508,2.454,0.0,2.454,0.3387,0.0,0.3387
2025-01-17 16:00:00,True,0.32,0.24,2.249,0.7197,0.01,0.029,-0.019,0.0032,0.007,-0.0038
2025-01-17 17:00:00,True,0.32,0.24,3.051,0.9763,0.035,0.0,0.035,0.0112,0.0,0.0112
2025-01-17 18:00:00,True,0.32,0.24,2.933,0.9386,0.018,0.0,0.018,0.0058,0.0,0.0058
2025-01-17 19:00:00,True,0.32,0.24,2.655,0.8496,1.066,0.0,1.066,0.3411,0.0,0.3411
2025-01-17 20:00:00,False,0.138,0.06,2.972,0.4101,2.99,0.0,2.99,0.4126,0.0,0.4126
2025-01-17 21:00:00,False,0.138,0.06,2.542,0.3508,2.552,0.0,2.552,0.3522,0.0,0.3522
2025-01-17 22:00:00,False,0.138,0.06,2.42,0.334,2.65,0.0,2.65,0.3657,0.0,0.3657
2025-01-17 23:00:00,False,0.138,0.06,1.251,0.1726,1.345,0.0,1.345,0.1856,0.0,0.1856
2025-01-18 00:00:00,False,0.138,0.06,2.599,0.3587,2.827,0.0,2.827,0.3901,0.0,0.3901
2025-01-18 01:00:00,False,0.138,0.06,2.384,0.329,2.606,0.0,2.606,0.3596,0.0,0.3596
2025-01-18 02:00:00,False,0.138,0.06,2.547,0.3515,2.817,0.0,2.817,0.3887,0.0,0.3887
2025-01-18 03:00:00,False,0.138,0.06,2.501,0.3451,2.783,0.0,2.783,0.3841,0.0,0.3841
2025-01-18 04:00:00,False,0.138,0.06,2.478,0.342,2.678,0.0,2.678,0.3696,0.0,0.3696
2025-01-18 05:00:00,False,0.138,0.06,2.56,0.3533,2.836,0.0,2.836,0.3914,0.0,0.3914
2025-01-18 06:00:00,False,0.138,0.06,2.489,0.3435,2.691,0.0,2.691,0.3714,0.0,0.3714
2025-01-18 07:00:00,False,0.138,0.06,2.443,0.3371,2.658,0.0,2.658,0.3668,0.0,0.3668
2025-01-18 08:00:00,False,0.138,0.06,3.54,0.4885,4.276,0.0,4.276,0.5901,0.0,0.5901
2025-01-18 09:00:00,False,0.138,0.06,3.526,0.4866,4.789,0.0,4.789,0.6609,0.0,0.6609
2025-01-18 10:00:00,False,0.138,0.06,2.32,0.3202,3.636,0.0,3.636,0.5018,0.0,0.5018
2025-01-18 11:00:00,False,0.138,0.06,1.86,0.2567,3.36,0.0,3.36,0.4637,0.0,0.4637
2025-01-18 12:00:00,False,0.138,0.06,2.437,0.3363,3.528,0.0,3.528,0.4869,0.0,0.4869
2025-01-18 13:00:00,False,0.138,0.06,1.727,0.2383,2.441,0.0,2.441,0.3369,0.0,0.3369
2025-01-18 14:00:00,False,0.138,0.06,0.0,0.0,3.476,0.0,3.476,0.4797,0.0,0.4797
2025-01-18 15:00:00,False,0.138,0.06,0.0,0.0,5.294,0.0,5.294,0.7306,0.0,0.7306
2025-01-18 16:00:00,True,0.32,0.24,1.277,0.4086,2.544,0.0,2.544,0.8141,0.0,0.8141
2025-01-18 17:00:00,True,0.32,0.24,2.489,0.7965,2.585,0.0,2.585,0.8272,0.0,0.8272
2025-01-18 18:00:00,True,0.32,0.24,2.243,0.7178,2.533,0.0,2.533,0.8106,0.0,0.8106
2025-01-18 19:00:00,True,0.32,0.24,2.582,0.8262,2.784,0.0,2.784,0.8909,0.0,0.8909
2025-01-18 20:00:00,False,0.138,0.06,1.015,0.1401,1.171,0.0,1.171,0.1616,0.0,0.1616
2025-01-18 21:00:00,False,0.138,0.06,2.374,0.3276,2.596,0.0,2.596,0.3582,0.0,0.3582
2025-01-18 22:00:00,False,0.138,0.06,1.446,0.1995,1.604,0.0,1.604,0.2214,0.0,0.2214
2025-01-18 23:00:00,False,0.138,0.06,0.916,0.1264,1.016,0.0,1.016,0.1402,0.0,0.1402
2025-01-19 00:00:00,False,0.138,0.06,1.24,0.1711,1.452,0.0,1.452,0.2004,0.0,0.2004
2025-01-19 01:00:00,False,0.138,0.06,1.87,0.2581,1.964,0.0,1.964,0.271,0.0,0.271
2025-01-19 02:00:00,False,0.138,0.06,2.2,0.3036,2.256,0.0,2.256,0.3113,0.0,0.3113
2025-01-19 03:00:00,False,0.138,0.06,2.263,0.3123,2.467,0.0,2.467,0.3404,0.0,0.3404
2025-01-19 04:00:00,False,0.138,0.06,2.23,0.3077,2.33,0.0,2.33,0.3215,0.0,0.3215
2025-01-19 05:00:00,False,0.138,0.06,2.148,0.2964,2.336,0.0,2.336,0.3224,0.0,0.3224
2025-01-19 06:00:00,False,0.138,0.06,1.922,0.2652,2.106,0.0,2.106,0.2906,0.0,0.2906
2025-01-19 07:00:00,False,0.138,0.06,2.681,0.37,2.67,0.0,2.67,0.3685,0.0,0.3685
2025-01-19 08:00:00,False,0.138,0.06,4.779,0.6595,4.349,0.0,4.349,0.6002,0.0,0.6002
2025-01-19 09:00:00,False,0.138,0.06,4.375,0.6038,3.12,0.0,3.12,0.4306,0.0,0.4306
2025-01-19 10:00:00,False,0.138,0.06,1.855,0.256,0.008,0.8,-0.792,0.0011,0.048,-0.0469
2025-01-19 11:00:00,False,0.138,0.06,2.01,0.2774,0.0,1.492,-1.492,0.0,0.0895,-0.0895
2025-01-19 12:00:00,False,0.138,0.06,2.191,0.3024,0.003,0.771,-0.768,0.0004,0.0463,-0.0459
2025-01-19 13:00:00,False,0.138,0.06,4.576,0.6315,3.46,0.0,3.46,0.4775,0.0,0.4775
2025-01-19 14:00:00,False,0.138,0.06,1.479,0.2041,1.026,0.0,1.026,0.1416,0.0,0.1416
2025-01-19 15:00:00,False,0.138,0.06,1.791,0.2472,1.825,0.0,1.825,0.2518,0.0,0.2518
2025-01-19 16:00:00,True,0.32,0.24,1.718,0.5498,1.833,0.0,1.833,0.5866,0.0,0.5866
2025-01-19 17:00:00,True,0.32,0.24,2.571,0.8227,2.767,0.0,2.767,0.8854,0.0,0.8854
2025-01-19 18:00:00,True,0.32,0.24,2.769,0.8861,2.838,0.0,2.838,0.9082,0.0,0.9082
2025-01-19 19:00:00,True,0.32,0.24,2.559,0.8189,2.679,0.0,2.679,0.8573,0.0,0.8573
2025-01-19 20:00:00,False,0.138,0.06,1.388,0.1915,1.552,0.0,1.552,0.2142,0.0,0.2142
2025-01-19 21:00:00,False,0.138,0.06,3.502,0.4833,3.616,0.0,3.616,0.499,0.0,0.499
2025-01-19 22:00:00,False,0.138,0.06,1.27,0.1753,1.35,0.0,1.35,0.1863,0.0,0.1863
2025-01-19 23:00:00,False,0.138,0.06,1.61,0.2222,1.662,0.0,1.662,0.2294,0.0,0.2294
2025-01-20 00:00:00,False,0.138,0.06,1.922,0.2652,2.03,0.0,2.03,0.2801,0.0,0.2801
2025-01-20 01:00:00,False,0.138,0.06,1.705,0.2353,1.841,0.0,1.841,0.2541,0.0,0.2541
2025-01-20 02:00:00,False,0.138,0.06,2.612,0.3605,2.726,0.0,2.726,0.3762,0.0,0.3762
2025-01-20 03:00:00,False,0.138,0.06,2.619,0.3614,2.761,0.0,2.761,0.381,0.0,0.381
2025-01-20 04:00:00,False,0.138,0.06,3.003,0.4144,3.119,0.0,3.119,0.4304,0.0,0.4304
2025-01-20 05:00:00,False,0.138,0.06,2.794,0.3856,2.922,0.0,2.922,0.4032,0.0,0.4032
2025-01-20 06:00:00,False,0.138,0.06,2.929,0.4042,3.041,0.0,3.041,0.4197,0.0,0.4197
2025-01-20 07:00:00,False,0.138,0.06,3.262,0.4502,3.386,0.0,3.386,0.4673,0.0,0.4673
2025-01-20 08:00:00,False,0.138,0.06,3.744,0.5167,3.82,0.0,3.82,0.5272,0.0,0.5272
2025-01-20 09:00:00,False,0.138,0.06,3.234,0.4463,3.254,0.0,3.254,0.4491,0.0,0.4491
2025-01-20 10:00:00,False,0.138,0.06,3.009,0.4152,3.002,0.0,3.002,0.4143,0.0,0.4143
2025-01-20 11:00:00,False,0.138,0.06,2.668,0.3682,2.698,0.0,2.698,0.3723,0.0,0.3723
2025-01-20 12:00:00,False,0.138,0.06,3.05,0.4209,3.125,0.0,3.125,0.4312,0.0,0.4312
2025-01-20 13:00:00,False,0.138,0.06,2.217,0.3059,2.326,0.0,2.326,0.321,0.0,0.321
2025-01-20 14:00:00,False,0.138,0.06,2.921,0.4031,2.943,0.0,2.943,0.4061,0.0,0.4061
2025-01-20 15:00:00,False,0.138,0.06,2.858,0.3944,3.032,0.0,3.032,0.4184,0.0,0.4184
2025-01-20 16:00:00,True,0.32,0.24,2.588,0.8282,0.071,0.0,0.071,0.0227,0.0,0.0227
2025-01-20 17:00:00,True,0.32,0.24,3.193,1.0218,0.017,0.004,0.013,0.0054,0.001,0.0044
2025-01-20 18:00:00,True,0.32,0.24,3.06,0.9792,0.024,0.002,0.022,0.0077,0.0005,0.0072
2025-01-20 19:00:00,True,0.32,0.24,3.463,1.1082,2.201,0.0,2.201,0.7043,0.0,0.7043
2025-01-20 20:00:00,False,0.138,0.06,4.479,0.6181,4.479,0.0,4.479,0.6181,0.0,0.6181
2025-01-20 21:00:00,False,0.138,0.06,6.46,0.8915,6.464,0.0,6.464,0.892,0.0,0.892
2025-01-20 22:00:00,False,0.138,0.06,2.734,0.3773,2.957,0.0,2.957,0.4081,0.0,0.4081
2025-01-20 23:00:00,False,0.138,0.06,1.734,0.2393,1.912,0.0,1.912,0.2639,0.0,0.2639
2025-01-21 00:00:00,False,0.138,0.06,3.626,0.5004,3.788,0.0,3.788,0.5227,0.0,0.5227
2025-01-21 01:00:00,False,0.138,0.06,3.863,0.5331,4.001,0.0,4.001,0.5521,0.0,0.5521
2025-01-21 02:00:00,False,0.138,0.06,3.504,0.4836,3.654,0.0,3.654,0.5043,0.0,0.5043
2025-01-21 03:00:00,False,0.138,0.06,3.635,0.5016,3.799,0.0,3.799,0.5243,0.0,0.5243
2025-01-21 04:00:00,False,0.138,0.06,4.228,0.5835,4.38,0.0,4.38,0.6044,0.0,0.6044
2025-01-21 05:00:00,False,0.138,0.06,3.796,0.5238,3.916,0.0,3.916,0.5404,0.0,0.5404
2025-01-21 06:00:00,False,0.138,0.06,4.106,0.5666,4.402,0.0,4.402,0.6075,0.0,0.6075
2025-01-21 07:00:00,False,0.138,0.06,4.666,0.6439,4.844,0.0,4.844,0.6685,0.0,0.6685
2025-01-21 08:00:00,False,0.138,0.06,4.304,0.594,4.386,0.0,4.386,0.6053,0.0,0.6053
2025-01-21 09:00:00,False,0.138,0.06,3.674,0.507,3.852,0.0,3.852,0.5316,0.0,0.5316
2025-01-21 10:00:00,False,0.138,0.06,3.921,0.5411,4.021,0.0,4.021,0.5549,0.0,0.5549
2025-01-21 11:00:00,False,0.138,0.06,3.555,0.4906,3.679,0.0,3.679,0.5077,0.0,0.5077
2025-01-21 12:00:00,False,0.138,0.06,3.706,0.5114,3.804,0.0,3.804,0.525,0.0,0.525
2025-01-21 13:00:00,False,0.138,0.06,5.513,0.7608,5.619,0.0,5.619,0.7754,0.0,0.7754
2025-01-21 14:00:00,False,0.138,0.06,2.363,0.3261,4.408,0.0,4.408,0.6083,0.0,0.6083
2025-01-21 15:00:00,False,0.138,0.06,1.651,0.2278,5.711,0.0,5.711,0.7881,0.0,0.7881
2025-01-21 16:00:00,True,0.32,0.24,3.284,1.0509,1.19,0.0,1.19,0.3808,0.0,0.3808
2025-01-21 17:00:00,True,0.32,0.24,3.715,1.1888,4.041,0.0,4.041,1.2931,0.0,1.2931
2025-01-21 18:00:00,True,0.32,0.24,4.032,1.2902,4.318,0.0,4.318,1.3818,0.0,1.3818
2025-01-21 19:00:00,True,0.32,0.24,4.457,1.4262,4.785,0.0,4.785,1.5312,0.0,1.5312
2025-01-21 20:00:00,False,0.138,0.06,4.356,0.6011,4.6,0.0,4.6,0.6348,0.0,0.6348
2025-01-21 21:00:00,False,0.138,0.06,4.127,0.5695,4.317,0.0,4.317,0.5957,0.0,0.5957
2025-01-21 22:00:00,False,0.138,0.06,3.048,0.4206,3.232,0.0,3.232,0.446,0.0,0.446
2025-01-21 23:00:00,False,0.138,0.06,2.451,0.3382,2.755,0.0,2.755,0.3802,0.0,0.3802
2025-01-22 00:00:00,False,0.138,0.06,3.424,0.4725,3.566,0.0,3.566,0.4921,0.0,0.4921
2025-01-22 01:00:00,False,0.138,0.06,3.358,0.4634,3.526,0.0,3.526,0.4866,0.0,0.4866
2025-01-22 02:00:00,False,0.138,0.06,3.679,0.5077,3.851,0.0,3.851,0.5314,0.0,0.5314
2025-01-22 03:00:00,False,0.138,0.06,3.815,0.5265,3.981,0.0,3.981,0.5494,0.0,0.5494
2025-01-22 04:00:00,False,0.138,0.06,4.425,0.6106,4.525,0.0,4.525,0.6245,0.0,0.6245
2025-01-22 05:00:00,False,0.138,0.06,4.015,0.5541,4.233,0.0,4.233,0.5842,0.0,0.5842
2025-01-22 06:00:00,False,0.138,0.06,4.245,0.5858,4.407,0.0,4.407,0.6082,0.0,0.6082
2025-01-22 07:00:00,False,0.138,0.06,5.323,0.7346,5.381,0.0,5.381,0.7426,0.0,0.7426
2025-01-22 08:00:00,False,0.138,0.06,4.776,0.6591,4.78,0.0,4.78,0.6596,0.0,0.6596
2025-01-22 09:00:00,False,0.138,0.06,4.098,0.5655,4.078,0.0,4.078,0.5628,0.0,0.5628
2025-01-22 10:00:00,False,0.138,0.06,3.536,0.488,3.699,0.0,3.699,0.5105,0.0,0.5105
2025-01-22 11:00:00,False,0.138,0.06,3.368,0.4648,3.799,0.0,3.799,0.5243,0.0,0.5243
2025-01-22 12:00:00,False,0.138,0.06,2.512,0.3467,3.316,0.0,3.316,0.4576,0.0,0.4576
2025-01-22 13:00:00,False,0.138,0.06,2.225,0.3071,4.199,0.0,4.199,0.5795,0.0,0.5795
2025-01-22 14:00:00,False,0.138,0.06,1.282,0.1769,5.112,0.0,5.112,0.7055,0.0,0.7055
2025-01-22 15:00:00,False,0.138,0.06,1.789,0.2469,5.413,0.0,5.413,0.747,0.0,0.747
2025-01-22 16:00:00,True,0.32,0.24,3.305,1.0576,0.018,0.02,-0.002,0.0058,0.0048,0.001
2025-01-22 17:00:00,True,0.32,0.24,3.537,1.1318,2.291,0.0,2.291,0.7331,0.0,0.7331
2025-01-22 18:00:00,True,0.32,0.24,3.609,1.1549,3.929,0.0,3.929,1.2573,0.0,1.2573
2025-01-22 19:00:00,True,0.32,0.24,3.39,1.0848,3.676,0.0,3.676,1.1763,0.0,1.1763
2025-01-22 20:00:00,False,0.138,0.06,4.034,0.5567,4.336,0.0,4.336,0.5984,0.0,0.5984
2025-01-22 21:00:00,False,0.138,0.06,3.27,0.4513,3.526,0.0,3.526,0.4866,0.0,0.4866
2025-01-22 22:00:00,False,0.138,0.06,2.143,0.2957,2.255,0.0,2.255,0.3112,0.0,0.3112
2025-01-22 23:00:00,False,0.138,0.06,2.567,0.3542,2.663,0.0,2.663,0.3675,0.0,0.3675
2025-01-23 00:00:00,False,0.138,0.06,3.209,0.4428,3.365,0.0,3.365,0.4644,0.0,0.4644
2025-01-23 01:00:00,False,0.138,0.06,3.32,0.4582,3.594,0.0,3.594,0.496,0.0,0.496
2025-01-23 02:00:00,False,0.138,0.06,3.618,0.4993,3.714,0.0,3.714,0.5125,0.0,0.5125
2025-01-23 03:00:00,False,0.138,0.06,3.037,0.4191,3.201,0.0,3.201,0.4417,0.0,0.4417
2025-01-23 04:00:00,False,0.138,0.06,3.567,0.4922,3.735,0.0,3.735,0.5154,0.0,0.5154
2025-01-23 05:00:00,False,0.138,0.06,3.262,0.4502,3.422,0.0,3.422,0.4722,0.0,0.4722
2025-01-23 06:00:00,False,0.138,0.06,3.567,0.4922,3.902,0.0,3.902,0.5385,0.0,0.5385
2025-01-23 07:00:00,False,0.138,0.06,4.188,0.5779,4.486,0.0,4.486,0.6191,0.0,0.6191
2025-01-23 08:00:00,False,0.138,0.06,3.529,0.487,3.794,0.0,3.794,0.5236,0.0,0.5236
2025-01-23 09:00:00,False,0.138,0.06,3.223,0.4448,3.416,0.0,3.416,0.4714,0.0,0.4714
2025-01-23 10:00:00,False,0.138,0.06,5.328,0.7353,6.002,0.0,6.002,0.8283,0.0,0.8283
2025-01-23 11:00:00,False,0.138,0.06,2.696,0.372,4.06,0.0,4.06,0.5603,0.0,0.5603
2025-01-23 12:00:00,False,0.138,0.06,1.595,0.2201,3.063,0.0,3.063,0.4227,0.0,0.4227
2025-01-23 13:00:00,False,0.138,0.06,0.866,0.1195,3.211,0.0,3.211,0.4431,0.0,0.4431
2025-01-23 14:00:00,False,0.138,0.06,0.131,0.0181,3.877,0.0,3.877,0.535,0.0,0.535
2025-01-23 15:00:00,False,0.138,0.06,0.437,0.0603,4.521,0.0,4.521,0.6239,0.0,0.6239
2025-01-23 16:00:00,True,0.32,0.24,3.127,1.0006,0.007,0.041,-0.034,0.0022,0.0098,-0.0076
2025-01-23 17:00:00,True,0.32,0.24,3.013,0.9642,0.015,0.002,0.013,0.0048,0.0005,0.0043
2025-01-23 18:00:00,True,0.32,0.24,2.884,0.9229,1.556,0.0,1.556,0.4979,0.0,0.4979
2025-01-23 19:00:00,True,0.32,0.24,3.697,1.183,4.021,0.0,4.021,1.2867,0.0,1.2867
2025-01-23 20:00:00,False,0.138,0.06,2.863,0.3951,3.113,0.0,3.113,0.4296,0.0,0.4296
2025-01-23 21:00:00,False,0.138,0.06,3.713,0.5124,3.785,0.0,3.785,0.5223,0.0,0.5223
2025-01-23 22:00:00,False,0.138,0.06,3.146,0.4341,3.23,0.0,3.23,0.4457,0.0,0.4457
2025-01-23 23:00:00,False,0.138,0.06,3.147,0.4343,3.305,0.0,3.305,0.4561,0.0,0.4561
2025-01-24 00:00:00,False,0.138,0.06,2.993,0.413,3.311,0.0,3.311,0.4569,0.0,0.4569
2025-01-24 01:00:00,False,0.138,0.06,2.653,0.3661,2.845,0.0,2.845,0.3926,0.0,0.3926
2025-01-24 02:00:00,False,0.138,0.06,2.435,0.336,2.731,0.0,2.731,0.3769,0.0,0.3769
2025-01-24 03:00:00,False,0.138,0.06,3.892,0.5371,4.062,0.0,4.062,0.5606,0.0,0.5606
2025-01-24 04:00:00,False,0.138,0.06,2.563,0.3537,2.657,0.0,2.657,0.3667,0.0,0.3667
2025-01-24 05:00:00,False,0.138,0.06,3.302,0.4557,3.448,0.0,3.448,0.4758,0.0,0.4758
2025-01-24 06:00:00,False,0.138,0.06,3.115,0.4299,3.313,0.0,3.313,0.4572,0.0,0.4572
2025-01-24 07:00:00,False,0.138,0.06,3.685,0.5085,3.859,0.0,3.859,0.5325,0.0,0.5325
2025-01-24 08:00:00,False,0.138,0.06,3.719,0.5132,3.86,0.0,3.86,0.5327,0.0,0.5327
2025-01-24 09:00:00,False,0.138,0.06,2.849,0.3932,3.147,0.0,3.147,0.4343,0.0,0.4343
2025-01-24 10:00:00,False,0.138,0.06,1.991,0.2748,3.036,0.0,3.036,0.419,0.0,0.419
2025-01-24 11:00:00,False,0.138,0.06,2.283,0.3151,4.212,0.0,4.212,0.5813,0.0,0.5813
2025-01-24 12:00:00,False,0.138,0.06,3.501,0.4831,5.358,0.0,5.358,0.7394,0.0,0.7394
2025-01-24 13:00:00,False,0.138,0.06,0.168,0.0232,3.004,0.0,3.004,0.4146,0.0,0.4146
2025-01-24 14:00:00,False,0.138,0.06,0.0,0.0,3.784,0.0,3.784,0.5222,0.0,0.5222
2025-01-24 15:00:00,False,0.138,0.06,0.92,0.127,3.814,0.0,3.814,0.5263,0.0,0.5263
2025-01-24 16:00:00,True,0.32,0.24,2.383,0.7626,0.014,0.043,-0.029,0.0045,0.0103,-0.0058
2025-01-24 17:00:00,True,0.32,0.24,2.92,0.9344,0.011,0.001,0.01,0.0035,0.0002,0.0033
2025-01-24 18:00:00,True,0.32,0.24,2.669,0.8541,0.023,0.0,0.023,0.0074,0.0,0.0074
2025-01-24 19:00:00,True,0.32,0.24,3.197,1.023,2.034,0.0,2.034,0.6509,0.0,0.6509
2025-01-24 20:00:00,False,0.138,0.06,3.001,0.4141,3.001,0.0,3.001,0.4141,0.0,0.4141
2025-01-24 21:00:00,False,0.138,0.06,3.167,0.437,3.169,0.0,3.169,0.4373,0.0,0.4373
2025-01-24 22:00:00,False,0.138,0.06,3.347,0.4619,3.527,0.0,3.527,0.4867,0.0,0.4867
2025-01-24 23:00:00,False,0.138,0.06,2.588,0.3571,2.85,0.0,2.85,0.3933,0.0,0.3933
2025-01-25 00:00:00,False,0.138,0.06,2.544,0.3511,2.812,0.0,2.812,0.3881,0.0,0.3881
2025-01-25 01:00:00,False,0.138,0.06,3.29,0.454,3.476,0.0,3.476,0.4797,0.0,0.4797
2025-01-25 02:00:00,False,0.138,0.06,2.715,0.3747,2.867,0.0,2.867,0.3956,0.0,0.3956
2025-01-25 03:00:00,False,0.138,0.06,3.492,0.4819,3.588,0.0,3.588,0.4951,0.0,0.4951
2025-01-25 04:00:00,False,0.138,0.06,4.07,0.5617,4.23,0.0,4.23,0.5837,0.0,0.5837
2025-01-25 05:00:00,False,0.138,0.06,3.5,0.483,3.83,0.0,3.83,0.5285,0.0,0.5285
2025-01-25 06:00:00,False,0.138,0.06,3.538,0.4882,3.68,0.0,3.68,0.5078,0.0,0.5078
2025-01-25 07:00:00,False,0.138,0.06,4.013,0.5538,4.201,0.0,4.201,0.5797,0.0,0.5797
2025-01-25 08:00:00,False,0.138,0.06,3.682,0.5081,3.821,0.0,3.821,0.5273,0.0,0.5273
2025-01-25 09:00:00,False,0.138,0.06,4.346,0.5997,4.687,0.0,4.687,0.6468,0.0,0.6468
2025-01-25 10:00:00,False,0.138,0.06,5.126,0.7074,6.298,0.0,6.298,0.8691,0.0,0.8691
2025-01-25 11:00:00,False,0.138,0.06,2.193,0.3026,4.089,0.0,4.089,0.5643,0.0,0.5643
2025-01-25 12:00:00,False,0.138,0.06,1.22,0.1684,2.797,0.0,2.797,0.386,0.0,0.386
2025-01-25 13:00:00,False,0.138,0.06,0.761,0.105,2.782,0.0,2.782,0.3839,0.0,0.3839
2025-01-25 14:00:00,False,0.138,0.06,0.511,0.0705,4.12,0.0,4.12,0.5686,0.0,0.5686
2025-01-25 15:00:00,False,0.138,0.06,0.9,0.1242,3.593,0.0,3.593,0.4958,0.0,0.4958
2025-01-25 16:00:00,True,0.32,0.24,2.435,0.7792,0.008,0.036,-0.028,0.0026,0.0086,-0.006
2025-01-25 17:00:00,True,0.32,0.24,3.382,1.0822,0.019,0.003,0.016,0.0061,0.0007,0.0054
2025-01-25 18:00:00,True,0.32,0.24,2.605,0.8336,0.02,0.0,0.02,0.0064,0.0,0.0064
2025-01-25 19:00:00,True,0.32,0.24,2.701,0.8643,2.093,0.0,2.093,0.6698,0.0,0.6698
2025-01-25 20:00:00,False,0.138,0.06,3.498,0.4827,3.498,0.0,3.498,0.4827,0.0,0.4827
2025-01-25 21:00:00,False,0.138,0.06,3.108,0.4289,3.108,0.0,3.108,0.4289,0.0,0.4289
2025-01-25 22:00:00,False,0.138,0.06,1.91,0.2636,2.044,0.0,2.044,0.2821,0.0,0.2821
2025-01-25 23:00:00,False,0.138,0.06,2.349,0.3242,2.429,0.0,2.429,0.3352,0.0,0.3352
2025-01-26 00:00:00,False,0.138,0.06,2.687,0.3708,2.895,0.0,2.895,0.3995,0.0,0.3995
2025-01-26 01:00:00,False,0.138,0.06,2.559,0.3531,2.743,0.0,2.743,0.3785,0.0,0.3785
2025-01-26 02:00:00,False,0.138,0.06,2.78,0.3836,3.05,0.0,3.05,0.4209,0.0,0.4209
2025-01-26 03:00:00,False,0.138,0.06,2.959,0.4083,3.291,0.0,3.291,0.4542,0.0,0.4542
2025-01-26 04:00:00,False,0.138,0.06,3.051,0.421,3.311,0.0,3.311,0.4569,0.0,0.4569
2025-01-26 05:00:00,False,0.138,0.06,2.974,0.4104,3.162,0.0,3.162,0.4364,0.0,0.4364
2025-01-26 06:00:00,False,0.138,0.06,3.111,0.4293,3.319,0.0,3.319,0.458,0.0,0.458
2025-01-26 07:00:00,False,0.138,0.06,3.687,0.5088,3.795,0.0,3.795,0.5237,0.0,0.5237
2025-01-26 08:00:00,False,0.138,0.06,3.182,0.4391,3.35,0.0,3.35,0.4623,0.0,0.4623
2025-01-26 09:00:00,False,0.138,0.06,2.524,0.3483,2.926,0.0,2.926,0.4038,0.0,0.4038
2025-01-26 10:00:00,False,0.138,0.06,1.103,0.1522,2.435,0.0,2.435,0.336,0.0,0.336
2025-01-26 11:00:00,False,0.138,0.06,0.144,0.0199,2.468,0.0,2.468,0.3406,0.0,0.3406
2025-01-26 12:00:00,False,0.138,0.06,0.804,0.111,3.359,0.0,3.359,0.4635,0.0,0.4635
2025-01-26 13:00:00,False,0.138,0.06,0.0,0.0,2.905,0.0,2.905,0.4009,0.0,0.4009
2025-01-26 14:00:00,False,0.138,0.06,0.0,0.0,3.532,0.0,3.532,0.4874,0.0,0.4874
2025-01-26 15:00:00,False,0.138,0.06,2.029,0.28,2.229,0.0,2.229,0.3076,0.0,0.3076
2025-01-26 16:00:00,True,0.32,0.24,2.268,0.7258,0.006,0.066,-0.06,0.0019,0.0158,-0.0139
2025-01-26 17:00:00,True,0.32,0.24,2.258,0.7226,0.012,0.004,0.008,0.0038,0.001,0.0028
2025-01-26 18:00:00,True,0.32,0.24,2.393,0.7658,0.017,0.001,0.016,0.0054,0.0002,0.0052
2025-01-26 19:00:00,True,0.32,0.24,2.605,0.8336,0.079,0.002,0.077,0.0253,0.0005,0.0248
2025-01-26 20:00:00,False,0.138,0.06,2.825,0.3899,2.851,0.0,2.851,0.3934,0.0,0.3934
2025-01-26 21:00:00,False,0.138,0.06,2.727,0.3763,2.739,0.0,2.739,0.378,0.0,0.378
2025-01-26 22:00:00,False,0.138,0.06,2.997,0.4136,3.001,0.0,3.001,0.4141,0.0,0.4141
2025-01-26 23:00:00,False,0.138,0.06,1.313,0.1812,1.455,0.0,1.455,0.2008,0.0,0.2008
2025-01-27 00:00:00,False,0.138,0.06,2.732,0.377,2.978,0.0,2.978,0.411,0.0,0.411
2025-01-27 01:00:00,False,0.138,0.06,2.5,0.345,2.692,0.0,2.692,0.3715,0.0,0.3715
2025-01-27 02:00:00,False,0.138,0.06,2.692,0.3715,2.852,0.0,2.852,0.3936,0.0,0.3936
2025-01-27 03:00:00,False,0.138,0.06,2.663,0.3675,2.939,0.0,2.939,0.4056,0.0,0.4056
2025-01-27 04:00:00,False,0.138,0.06,2.398,0.3309,2.674,0.0,2.674,0.369,0.0,0.369
2025-01-27 05:00:00,False,0.138,0.06,3.057,0.4219,3.301,0.0,3.301,0.4555,0.0,0.4555
2025-01-27 06:00:00,False,0.138,0.06,3.179,0.4387,3.409,0.0,3.409,0.4704,0.0,0.4704
2025-01-27 07:00:00,False,0.138,0.06,2.989,0.4125,3.188,0.0,3.188,0.4399,0.0,0.4399
2025-01-27 08:00:00,False,0.138,0.06,5.983,0.8257,6.364,0.0,6.364,0.8782,0.0,0.8782
2025-01-27 09:00:00,False,0.138,0.06,2.027,0.2797,2.926,0.0,2.926,0.4038,0.0,0.4038
2025-01-27 10:00:00,False,0.138,0.06,0.513,0.0708,2.279,0.0,2.279,0.3145,0.0,0.3145
2025-01-27 11:00:00,False,0.138,0.06,0.0,0.0,1.861,0.0,1.861,0.2568,0.0,0.2568
2025-01-27 12:00:00,False,0.138,0.06,1.914,0.2641,4.675,0.0,4.675,0.6452,0.0,0.6452
2025-01-27 13:00:00,False,0.138,0.06,0.0,0.0,2.05,0.0,2.05,0.2829,0.0,0.2829
2025-01-27 14:00:00,False,0.138,0.06,1.888,0.2605,2.327,0.0,2.327,0.3211,0.0,0.3211
2025-01-27 15:00:00,False,0.138,0.06,2.094,0.289,1.887,0.0,1.887,0.2604,0.0,0.2604
2025-01-27 16:00:00,True,0.32,0.24,2.192,0.7014,0.0,0.099,-0.099,0.0,0.0238,-0.0238
2025-01-27 17:00:00,True,0.32,0.24,2.434,0.7789,0.027,0.0,0.027,0.0086,0.0,0.0086
2025-01-27 18:00:00,True,0.32,0.24,2.43,0.7776,0.011,0.007,0.004,0.0035,0.0017,0.0018
2025-01-27 19:00:00,True,0.32,0.24,2.462,0.7878,0.05,0.0,0.05,0.016,0.0,0.016
2025-01-27 20:00:00,False,0.138,0.06,2.531,0.3493,2.555,0.0,2.555,0.3526,0.0,0.3526
2025-01-27 21:00:00,False,0.138,0.06,2.804,0.387,2.808,0.0,2.808,0.3875,0.0,0.3875
2025-01-27 22:00:00,False,0.138,0.06,1.593,0.2198,1.597,0.0,1.597,0.2204,0.0,0.2204
2025-01-27 23:00:00,False,0.138,0.06,1.922,0.2652,2.06,0.0,2.06,0.2843,0.0,0.2843
2025-01-28 00:00:00,False,0.138,0.06,2.142,0.2956,2.374,0.0,2.374,0.3276,0.0,0.3276
2025-01-28 01:00:00,False,0.138,0.06,2.167,0.299,2.275,0.0,2.275,0.314,0.0,0.314
2025-01-28 02:00:00,False,0.138,0.06,2.162,0.2984,2.382,0.0,2.382,0.3287,0.0,0.3287
2025-01-28 03:00:00,False,0.138,0.06,2.155,0.2974,2.237,0.0,2.237,0.3087,0.0,0.3087
2025-01-28 04:00:00,False,0.138,0.06,2.068,0.2854,2.252,0.0,2.252,0.3108,0.0,0.3108
2025-01-28 05:00:00,False,0.138,0.06,2.156,0.2975,2.368,0.0,2.368,0.3268,0.0,0.3268
2025-01-28 06:00:00,False,0.138,0.06,2.357,0.3253,2.545,0.0,2.545,0.3512,0.0,0.3512
2025-01-28 07:00:00,False,0.138,0.06,2.403,0.3316,2.596,0.0,2.596,0.3582,0.0,0.3582
2025-01-28 08:00:00,False,0.138,0.06,2.195,0.3029,2.812,0.0,2.812,0.3881,0.0,0.3881
2025-01-28 09:00:00,False,0.138,0.06,0.881,0.1216,2.254,0.0,2.254,0.3111,0.0,0.3111
2025-01-28 10:00:00,False,0.138,0.06,0.844,0.1165,2.105,0.0,2.105,0.2905,0.0,0.2905
2025-01-28 11:00:00,False,0.138,0.06,0.0,0.0,2.308,0.0,2.308,0.3185,0.0,0.3185
2025-01-28 12:00:00,False,0.138,0.06,0.0,0.0,2.438,0.0,2.438,0.3364,0.0,0.3364
2025-01-28 13:00:00,False,0.138,0.06,0.698,0.0963,0.939,0.0,0.939,0.1296,0.0,0.1296
2025-01-28 14:00:00,False,0.138,0.06,2.28,0.3146,1.427,0.0,1.427,0.1969,0.0,0.1969
2025-01-28 15:00:00,False,0.138,0.06,2.075,0.2864,1.861,0.0,1.861,0.2568,0.0,0.2568
2025-01-28 16:00:00,True,0.32,0.24,2.425,0.776,0.003,0.103,-0.1,0.001,0.0247,-0.0237
2025-01-28 17:00:00,True,0.32,0.24,2.745,0.8784,0.016,0.007,0.009,0.0051,0.0017,0.0034
2025-01-28 18:00:00,True,0.32,0.24,2.54,0.8128,0.025,0.0,0.025,0.008,0.0,0.008
2025-01-28 19:00:00,True,0.32,0.24,3.195,1.0224,0.525,0.004,0.521,0.168,0.001,0.167
2025-01-28 20:00:00,False,0.138,0.06,2.376,0.3279,2.396,0.0,2.396,0.3306,0.0,0.3306
2025-01-28 21:00:00,False,0.138,0.06,2.909,0.4014,2.927,0.0,2.927,0.4039,0.0,0.4039
2025-01-28 22:00:00,False,0.138,0.06,1.787,0.2466,1.789,0.0,1.789,0.2469,0.0,0.2469
2025-01-28 23:00:00,False,0.138,0.06,3.33,0.4595,3.528,0.0,3.528,0.4869,0.0,0.4869
2025-01-29 00:00:00,False,0.138,0.06,2.599,0.3587,2.703,0.0,2.703,0.373,0.0,0.373
2025-01-29 01:00:00,False,0.138,0.06,2.47,0.3409,2.678,0.0,2.678,0.3696,0.0,0.3696
2025-01-29 02:00:00,False,0.138,0.06,2.7,0.3726,2.792,0.0,2.792,0.3853,0.0,0.3853
2025-01-29 03:00:00,False,0.138,0.06,2.667,0.368,2.939,0.0,2.939,0.4056,0.0,0.4056
2025-01-29 04:00:00,False,0.138,0.06,1.543,0.2129,3.959,0.0,3.959,0.5463,0.0,0.5463
2025-01-29 05:00:00,False,0.138,0.06,0.58,0.08,5.104,0.0,5.104,0.7044,0.0,0.7044
2025-01-29 06:00:00,False,0.138,0.06,0.0,0.0,6.33,0.0,6.33,0.8735,0.0,0.8735
2025-01-29 07:00:00,False,0.138,0.06,0.0,0.0,6.488,0.0,6.488,0.8953,0.0,0.8953
2025-01-29 08:00:00,False,0.138,0.06,0.687,0.0948,5.554,0.0,5.554,0.7665,0.0,0.7665
2025-01-29 09:00:00,False,0.138,0.06,2.063,0.2847,3.324,0.0,3.324,0.4587,0.0,0.4587
2025-01-29 10:00:00,False,0.138,0.06,2.315,0.3195,2.188,0.0,2.188,0.3019,0.0,0.3019
2025-01-29 11:00:00,False,0.138,0.06,2.067,0.2852,0.36,0.205,0.155,0.0497,0.0123,0.0374
2025-01-29 12:00:00,False,0.138,0.06,1.589,0.2193,0.028,1.136,-1.108,0.0039,0.0682,-0.0643
2025-01-29 13:00:00,False,0.138,0.06,1.656,0.2285,0.387,0.334,0.053,0.0534,0.02,0.0334
2025-01-29 14:00:00,False,0.138,0.06,4.48,0.6182,3.524,0.0,3.524,0.4863,0.0,0.4863
2025-01-29 15:00:00,False,0.138,0.06,2.065,0.285,1.544,0.0,1.544,0.2131,0.0,0.2131
2025-01-29 16:00:00,True,0.32,0.24,1.94,0.6208,1.884,0.0,1.884,0.6029,0.0,0.6029
2025-01-29 17:00:00,True,0.32,0.24,2.434,0.7789,2.578,0.0,2.578,0.825,0.0,0.825
2025-01-29 18:00:00,True,0.32,0.24,2.294,0.7341,2.398,0.0,2.398,0.7674,0.0,0.7674
2025-01-29 19:00:00,True,0.32,0.24,2.76,0.8832,2.93,0.0,2.93,0.9376,0.0,0.9376
2025-01-29 20:00:00,False,0.138,0.06,1.787,0.2466,1.949,0.0,1.949,0.269,0.0,0.269
2025-01-29 21:00:00,False,0.138,0.06,2.349,0.3242,2.463,0.0,2.463,0.3399,0.0,0.3399
2025-01-29 22:00:00,False,0.138,0.06,2.544,0.3511,2.678,0.0,2.678,0.3696,0.0,0.3696
2025-01-29 23:00:00,False,0.138,0.06,1.375,0.1898,1.407,0.0,1.407,0.1942,0.0,0.1942
2025-01-30 00:00:00,False,0.138,0.06,2.632,0.3632,2.636,0.0,2.636,0.3638,0.0,0.3638
2025-01-30 01:00:00,False,0.138,0.06,2.565,0.354,2.593,0.0,2.593,0.3578,0.0,0.3578
2025-01-30 02:00:00,False,0.138,0.06,2.701,0.3727,2.725,0.0,2.725,0.3761,0.0,0.3761
2025-01-30 03:00:00,False,0.138,0.06,2.406,0.332,2.43,0.0,2.43,0.3353,0.0,0.3353
2025-01-30 04:00:00,False,0.138,0.06,2.765,0.3816,2.785,0.0,2.785,0.3843,0.0,0.3843
2025-01-30 05:00:00,False,0.138,0.06,2.737,0.3777,2.765,0.0,2.765,0.3816,0.0,0.3816
2025-01-30 06:00:00,False,0.138,0.06,3.403,0.4696,3.423,0.0,3.423,0.4724,0.0,0.4724
2025-01-30 07:00:00,False,0.138,0.06,3.068,0.4234,3.388,0.0,3.388,0.4675,0.0,0.4675
2025-01-30 08:00:00,False,0.138,0.06,3.53,0.4871,3.01,0.0,3.01,0.4154,0.0,0.4154
2025-01-30 09:00:00,False,0.138,0.06,3.63,0.5009,1.922,0.0,1.922,0.2652,0.0,0.2652
2025-01-30 10:00:00,False,0.138,0.06,2.528,0.3489,0.15,0.667,-0.517,0.0207,0.04,-0.0193
2025-01-30 11:00:00,False,0.138,0.06,2.51,0.3464,0.0,1.53,-1.53,0.0,0.0918,-0.0918
2025-01-30 12:00:00,False,0.138,0.06,4.674,0.645,1.016,0.384,0.632,0.1402,0.023,0.1172
2025-01-30 13:00:00,False,0.138,0.06,2.253,0.3109,0.007,0.932,-0.925,0.001,0.0559,-0.0549
2025-01-30 14:00:00,False,0.138,0.06,2.274,0.3138,1.197,0.0,1.197,0.1652,0.0,0.1652
2025-01-30 15:00:00,False,0.138,0.06,2.331,0.3217,1.953,0.0,1.953,0.2695,0.0,0.2695
2025-01-30 16:00:00,True,0.32,0.24,2.487,0.7958,0.0,0.095,-0.095,0.0,0.0228,-0.0228
2025-01-30 17:00:00,True,0.32,0.24,2.965,0.9488,0.02,0.0,0.02,0.0064,0.0,0.0064
2025-01-30 18:00:00,True,0.32,0.24,2.683,0.8586,0.008,0.01,-0.002,0.0026,0.0024,0.0002
2025-01-30 19:00:00,True,0.32,0.24,3.254,1.0413,0.811,0.008,0.803,0.2595,0.0019,0.2576
2025-01-30 20:00:00,False,0.138,0.06,3.084,0.4256,3.098,0.0,3.098,0.4275,0.0,0.4275
2025-01-30 21:00:00,False,0.138,0.06,3.285,0.4533,3.289,0.0,3.289,0.4539,0.0,0.4539
2025-01-30 22:00:00,False,0.138,0.06,2.535,0.3498,2.611,0.0,2.611,0.3603,0.0,0.3603
2025-01-30 23:00:00,False,0.138,0.06,1.748,0.2412,1.99,0.0,1.99,0.2746,0.0,0.2746
2025-01-31 00:00:00,False,0.138,0.06,2.561,0.3534,2.745,0.0,2.745,0.3788,0.0,0.3788
2025-01-31 01:00:00,False,0.138,0.06,2.532,0.3494,2.796,0.0,2.796,0.3858,0.0,0.3858
2025-01-31 02:00:00,False,0.138,0.06,2.258,0.3116,2.536,0.0,2.536,0.35,0.0,0.35
2025-01-31 03:00:00,False,0.138,0.06,2.338,0.3226,2.618,0.0,2.618,0.3613,0.0,0.3613
2025-01-31 04:00:00,False,0.138,0.06,2.352,0.3246,2.552,0.0,2.552,0.3522,0.0,0.3522
2025-01-31 05:00:00,False,0.138,0.06,2.132,0.2942,2.406,0.0,2.406,0.332,0.0,0.332
2025-01-31 06:00:00,False,0.138,0.06,2.712,0.3743,2.984,0.0,2.984,0.4118,0.0,0.4118
2025-01-31 07:00:00,False,0.138,0.06,2.595,0.3581,2.806,0.0,2.806,0.3872,0.0,0.3872
2025-01-31 08:00:00,False,0.138,0.06,2.199,0.3035,2.809,0.0,2.809,0.3876,0.0,0.3876
2025-01-31 09:00:00,False,0.138,0.06,2.075,0.2864,2.772,0.0,2.772,0.3825,0.0,0.3825
2025-01-31 10:00:00,False,0.138,0.06,1.266,0.1747,2.321,0.0,2.321,0.3203,0.0,0.3203
2025-01-31 11:00:00,False,0.138,0.06,1.565,0.216,2.31,0.0,2.31,0.3188,0.0,0.3188
2025-01-31 12:00:00,False,0.138,0.06,1.754,0.2421,2.324,0.0,2.324,0.3207,0.0,0.3207
2025-01-31 13:00:00,False,0.138,0.06,0.053,0.0073,3.89,0.0,3.89,0.5368,0.0,0.5368
2025-01-31 14:00:00,False,0.138,0.06,0.0,0.0,6.351,0.0,6.351,0.8764,0.0,0.8764
2025-01-31 15:00:00,False,0.138,0.06,0.0,0.0,5.199,0.0,5.199,0.7175,0.0,0.7175
2025-01-31 16:00:00,True,0.32,0.24,2.231,0.7139,0.003,0.005,-0.002,0.001,0.0012,-0.0002
2025-01-31 17:00:00,True,0.32,0.24,2.839,0.9085,0.011,0.007,0.004,0.0035,0.0017,0.0018
2025-01-31 18:00:00,True,0.32,0.24,2.844,0.9101,0.007,0.003,0.004,0.0022,0.0007,0.0015
2025-01-31 19:00:00,True,0.32,0.24,2.781,0.8899,0.208,0.0,0.208,0.0666,0.0,0.0666
2025-01-31 20:00:00,False,0.138,0.06,1.269,0.1751,1.305,0.0,1.305,0.1801,0.0,0.1801
2025-01-31 21:00:00,False,0.138,0.06,1.731,0.2389,1.731,0.0,1.731,0.2389,0.0,0.2389
2025-01-31 22:00:00,False,0.138,0.06,2.868,0.3958,2.868,0.0,2.868,0.3958,0.0,0.3958
2025-01-31 23:00:00,False,0.138,0.06,1.617,0.2231,1.781,0.0,1.781,0.2458,0.0,0.2458
